Figure,Subject,-1.0,-0.5,0.0,0.5,1.0,1.5,2.0,2.5,3.0,3.5,4.0,4.5,5.0,5.5,6.0,6.5,7.0,7.5,8.0,8.5,9.0,9.5,10.0,10.5,11.0,11.5,12.0,12.5,13.0,13.5,14.0,14.5,15.0,15.5,16.0,16.5,17.0,17.5,18.0,18.5,19.0,19.5,20.0,20.5,21.0,21.5,22.0,22.5,23.0,23.5,24.0,24.5,25.0,25.5,26.0,26.5,27.0,27.5,28.0,28.5,29.0,29.5,30.0,30.5,31.0,31.5,32.0,32.5,33.0,33.5,34.0,34.5,35.0,35.5,36.0,36.5,37.0,37.5,38.0,38.5,39.0,39.5,40.0,40.5,41.0,41.5,42.0,42.5,43.0,43.5,44.0,44.5,45.0,45.5,46.0,46.5,47.0,47.5,48.0,48.5,49.0,49.5,50.0,50.5,51.0,51.5,52.0,52.5,53.0,53.5,54.0,54.5,55.0,55.5,56.0,56.5,57.0,57.5,58.0,58.5,59.0,59.5,60.0,60.5,61.0,61.5,62.0,62.5,63.0,63.5,64.0,64.5,65.0,65.5,66.0,66.5,67.0,67.5,68.0,68.5,69.0,69.5,70.0,70.5,71.0,71.5,72.0,72.5,73.0,73.5
fig3_S1,S1,,,0.0,10.289855072463762,7.083333333333333,6.240942028985505,5.903726708074537,6.5295031055900665,6.472173913043479,6.2834782608695665,6.047101449275363,5.541666666666668,5.097547380156077,4.8772296544035685,4.65691192865106,4.4190821256038655,4.157004830917874,3.92391304347826,3.721739130434781,3.5195652173913023,3.210144927536229,2.873188405797099,2.536231884057969,3.078316610925313,2.9224637681159344,2.1623847167325403,1.5226449275362235,0.3623188405797007,-0.03389694041868092,-0.030152979066023756,-0.0264090177133666,-0.02266505636070944,-0.018921095008052283,-0.015177133655395122,-0.011433172302737965,-0.007689210950080808,-0.00394524959742365,-0.00020128824476649265,-0.007591442374051434,-0.01561421670117392,-0.023636991028296403,-0.03165976535541889,-0.03546910755148886,-0.033695652173914424,-0.03192219679633998,-0.030148741418765536,-0.028375286041191092,-0.026601830663616648,-0.024828375286042204,-0.02305491990846776,-0.02128146453089332,-0.019508009153318875,-0.01773455377574443,-0.01596109839816999,-0.014187643020595546,-0.012414187643021102,-0.010640732265446658,-0.008867276887872217,-0.007093821510297773,-0.005320366132723329,-0.003546910755148888,-0.001773455377574444,0.0,,,,,,,,,,,,,,,,,,,,,,,,,,,,,,,,,,,,,,,,,,,,,,,,,,,,,,,,,,,,,,,,,,,,,,,,,,,,,,,,,,,,,,,
fig3_S2,S2,,,0.0,9.456201550387615,0.24573643410851354,-4.719638242894051,-4.331118493909195,-4.1832779623477325,-4.035437430786271,-3.5182398540811692,-2.8486092111263117,-2.2676264304171276,-1.7091177556293815,-1.0426356589147252,-0.23772609819121215,0.5807493540051695,1.2979651162790689,1.6321463178294564,1.966327519379844,2.3005087209302317,2.3643410852713167,2.3643410852713167,3.1266149870801265,8.698379140239615,3.4926004228329646,0.9999999999999931,0.21282593375616643,0.1814658210007045,0.15010570824524258,0.11874559548978067,0.08738548273431876,0.05602536997885682,0.027131782945734893,0.0012596899224794067,-0.024612403100776073,-0.05048449612403155,-0.07635658914728705,-0.07466693513205154,-0.07168025772676948,-0.06869358032148741,-0.06570690291620535,-0.0627202255109233,-0.05973354810564123,-0.056746870700359164,-0.053760193295077106,-0.05077351588979505,-0.04778683848451298,-0.04480016107923092,-0.04181348367394886,-0.038826806268666796,-0.03584012886338474,-0.03285345145810267,-0.029866774052820615,-0.02688009664753855,-0.02389341924225649,-0.020906741836974427,-0.01792006443169237,-0.01493338702641031,-0.011946709621128246,-0.008960032215846181,-0.005973354810564116,-0.002986677405282065,0.0,,,,,,,,,,,,,,,,,,,,,,,,,,,,,,,,,,,,,,,,,,,,,,,,,,,,,,,,,,,,,,,,,,,,,,,,,,,,,,,,,,,,,,,
fig3_S3,S3,,,0.0,6.539635936582497,9.797051855751512,9.61595156620163,9.434851276651749,8.905852417302793,5.951211417192166,5.908396946564885,5.865582475937603,5.7664905069485215,5.581327069876688,5.396163632804854,5.211000195733021,5.025836758661187,4.8776081424936395,4.735368956743003,4.593129770992367,4.444853908923401,4.286391155567254,4.127928402211108,3.969465648854961,3.6839694656488557,3.5419847328244303,2.4681933842239197,1.742366412213742,1.660305343511451,1.5038167938931302,1.1755725190839708,1.0722646310432569,1.020992366412215,0.8158396946564903,0.6006428284451614,0.34150261149056094,0.08236239453596039,0.06376290974405033,0.05089058524173034,0.038018260739410344,0.025145936237090355,0.01227361173477036,0.0,0.0,0.0,0.0,0.0,0.0,0.0,0.0,0.0,0.0,0.0,0.0,0.0,0.0,0.0,0.0,0.0,0.0,0.0,0.0,0.0,0.0,,,,,,,,,,,,,,,,,,,,,,,,,,,,,,,,,,,,,,,,,,,,,,,,,,,,,,,,,,,,,,,,,,,,,,,,,,,,,,,,,,,,,,,
fig3_S4,S4,,,0.0,2.759210526315784,9.380263157894738,9.769736842105264,9.769736842105264,9.769736842105264,9.769736842105264,9.769736842105264,9.553018575851395,9.158281733746133,8.482730263157897,7.8476720647773295,7.3569078947368505,6.105263157894743,4.505060728744946,2.7192982456140387,0.9678362573099438,-0.021929824561401967,-0.08411654135338334,0.023731203007518575,0.13157894736842046,5.971804511278187,8.560150375939836,3.927631578947371,0.7500000000000413,-0.3289473684210481,-0.266036184210526,-0.28689931350114267,-0.41819221967963277,-0.5172064777327948,-0.4655870445344138,-0.40288220551378456,-0.3389724310776935,-0.41895933014353914,-0.5257177033492814,-0.35773026315789536,-0.0982028241335037,-0.09411103979460772,-0.09001925545571174,-0.08592747111681574,-0.08183568677791976,-0.07774390243902377,-0.07365211810012778,-0.0695603337612318,-0.0654685494223358,-0.06137676508343982,-0.05728498074454383,-0.05319319640564784,-0.04910141206675185,-0.04500962772785587,-0.04091784338895988,-0.03682605905006389,-0.032734274711167896,-0.028642490372271914,-0.024550706033375932,-0.020458921694479937,-0.016367137355583955,-0.01227535301668796,-0.008183568677791977,-0.004091784338895982,0.0,,,,,,,,,,,,,,,,,,,,,,,,,,,,,,,,,,,,,,,,,,,,,,,,,,,,,,,,,,,,,,,,,,,,,,,,,,,,,,,,,,,,,,,
fig3_S5,S5,,,0.0,7.373643410852728,9.102497846683892,9.243755383290265,8.766511627906977,7.851162790697676,6.935813953488374,6.278253773969809,5.843329253365974,5.465821000704722,5.2924594785059895,4.796144982191494,4.254975906138697,3.7138068300859013,3.1726377540331043,2.582364341085274,1.9069767441860486,1.2315891472868237,0.5562015503875988,0.02385211687537389,-0.34287418008348114,-0.7096004770423362,0.8139534883720674,1.9284085727314184,1.7975376196990427,1.666666666666667,1.43712316968131,1.2075796726959522,1.2480620155038764,1.3540051679586569,1.4147286821705436,1.3352713178294582,1.2558139534883728,1.2015503875968996,1.2015503875968996,1.2015503875968996,0.8210007047216364,0.646392367322599,0.695289206917113,0.7441860465116271,0.7170542635658922,0.5581395348837221,0.39922480620155204,0.35658914728682145,0.4625322997416021,0.394864341085273,0.2160852713178304,0.16413886080215728,0.17795753286147642,0.19177620492079556,0.17855587492378772,0.16070028743140893,0.14284469993903015,0.1249891124466514,0.10713352495427261,0.08927793746189384,0.07142234996951508,0.05356676247713629,0.03571117498475754,0.017855587492378755,0.0,,,,,,,,,,,,,,,,,,,,,,,,,,,,,,,,,,,,,,,,,,,,,,,,,,,,,,,,,,,,,,,,,,,,,,,,,,,,,,,,,,,,,,,
fig3_S6,S6,,,0.0,9.053658536585358,10.40860765251009,10.411080789129567,10.413553925749046,10.416027062368524,10.418500198988003,10.42097333560748,10.423446472226958,10.425919608846437,10.428392745465914,10.430865882085392,10.43333901870487,10.43581215532435,10.438285291943826,10.440758428563305,10.443231565182783,10.445704701802262,10.333333333333332,10.058265582655824,9.783197831978317,9.508130081300811,8.593495934959343,6.351946940522034,5.216516902011124,4.111163227016885,3.4990619136960595,2.8869606003752346,2.3170731707317067,2.2682926829268326,1.0127253446447504,0.9819724284199364,0.9512195121951224,0.5182926829268307,0.3823941687692731,0.4555649004765906,0.5287356321839081,0.5486493574613183,0.5030159979019162,0.45738263834251425,0.4117492787831123,0.4349593495934962,0.4671101256467101,0.41219512195122093,0.20000000000000379,0.11701936872310008,0.10921807747489341,0.10141678622668673,0.09361549497848007,0.08581420373027339,0.07801291248206671,0.07021162123386004,0.06241032998565337,0.0546090387374467,0.046807747489240034,0.039006456241033355,0.03120516499282669,0.02340387374462001,0.015602582496413345,0.007801291248206665,0.0,,,,,,,,,,,,,,,,,,,,,,,,,,,,,,,,,,,,,,,,,,,,,,,,,,,,,,,,,,,,,,,,,,,,,,,,,,,,,,,,,,,,,,,
fig3_S7,S7,,,0.0,6.839285714285683,1.6884920634920642,1.2571428571428591,1.3250000000000028,1.1878881987577659,0.9961180124223614,0.8043478260869568,0.8160946196660503,0.8910018552875717,0.965909090909093,1.0408163265306143,1.1157235621521358,1.190630797773657,1.2655380333951785,1.3404452690166997,1.415352504638221,1.4902597402597424,1.5178571428571441,1.5178571428571441,1.5178571428571441,1.7605519480519516,2.4699675324675376,2.556908369408372,2.570616883116885,2.584325396825399,2.5980339105339123,2.611742424242426,2.62545093795094,2.639159451659453,2.652867965367967,2.6665764790764803,2.680284992784994,2.6939935064935074,2.707702020202021,2.721410533910535,2.712301587301588,2.69973544973545,2.687169312169313,2.6746031746031753,2.6620370370370376,2.6494708994709004,2.6369047619047628,2.624338624338625,2.611772486772488,2.59920634920635,2.5583333333333336,2.411309523809524,2.2642857142857147,2.117261904761905,1.924107142857142,1.6017857142857137,1.279464285714285,0.9930124223602486,0.7274844720496901,0.4619565217391317,0.22023809523809632,-0.005952380952380709,-0.02161654135338198,0.08552631578947567,0.0,,,,,,,,,,,,,,,,,,,,,,,,,,,,,,,,,,,,,,,,,,,,,,,,,,,,,,,,,,,,,,,,,,,,,,,,,,,,,,,,,,,,,,,
fig3_S8,S8,,,0.0,9.966442953020133,9.966442953020133,9.045062320230103,8.044423138382868,7.141814998540997,6.257659760723664,5.568693249111725,5.0303987366758784,5.33402168301497,5.696644295302012,6.022013422818791,6.322731251823751,6.440618616866062,6.5585059819083735,6.57718120805369,6.57718120805369,6.5185293259410555,6.4301138021593225,6.265630519251147,5.9802190038855505,5.428187919463085,4.597315436241619,2.90268456375839,1.5442953020134214,1.3070469798657705,1.0697986577181195,0.832550335570468,0.621476510067112,0.5310961968680069,0.46979865771811913,0.42138063279002774,0.37296260786193636,0.3569541625017844,0.3437336379646813,0.33051311342757816,0.31729258889047507,0.3040720643533719,0.29085153981626877,0.27763101527916567,0.2644104907420625,0.2511899662049594,0.23796944166785627,0.22474891713075315,0.21152839259365003,0.1983078680565469,0.18508734351944378,0.17186681898234066,0.1586462944452375,0.14542576990813438,0.13220524537103126,0.11898472083392814,0.10576419629682499,0.09254367175972189,0.07932314722261874,0.06610262268551564,0.05288209814841249,0.0396615736113094,0.026441049074206247,0.013220524537103151,0.0,,,,,,,,,,,,,,,,,,,,,,,,,,,,,,,,,,,,,,,,,,,,,,,,,,,,,,,,,,,,,,,,,,,,,,,,,,,,,,,,,,,,,,,
fig3_S9,S9,,,0.0,8.148230088495582,4.991150442477875,3.9026548672566372,3.420756234915527,3.069187449718423,2.7176186645213187,2.6901827805805962,2.6807542800430064,2.671325779505416,2.6618972789678264,2.6524687784302365,2.6430402778926467,2.6336117773550565,2.6241832768174667,2.614754776279877,2.6053262757422866,2.595897775204697,2.586469274667107,2.577040774129517,2.567612273591927,2.1620149761742686,1.7522123893805306,1.6401179941002948,1.528023598820059,1.4159292035398234,1.3785644051130779,1.3411996066863323,0.9711757269279387,0.9615676359039186,0.9519595448798985,0.9423514538558784,0.9327433628318583,0.4194690265486787,0.38887484197218686,0.37926675094816636,0.36965865992414587,0.3600505689001254,0.21460176991150545,-0.04424778761061887,-0.04424778761061887,-0.04424778761061887,-0.04424778761061887,-0.04424778761061887,-0.04424778761061887,-0.04424778761061887,-0.04129793510324428,-0.03834808259586969,-0.035398230088495096,-0.032448377581120506,-0.029498525073745917,-0.026548672566371324,-0.02359882005899673,-0.02064896755162214,-0.01769911504424755,-0.014749262536872958,-0.011799410029498365,-0.008849557522123776,-0.005899705014749186,-0.0029498525073745896,0.0,,,,,,,,,,,,,,,,,,,,,,,,,,,,,,,,,,,,,,,,,,,,,,,,,,,,,,,,,,,,,,,,,,,,,,,,,,,,,,,,,,,,,,,
fig4_S1,S1,,,0.0,9.583152173913023,9.933540372670807,9.773913043478263,8.799999999999999,8.214285714285714,7.7838509316770175,7.353416149068322,7.111801242236024,6.8726708074534155,6.633540372670806,6.394409937888197,6.1552795031055885,5.916149068322979,5.7892583120204595,5.730179028132992,5.671099744245524,5.612020460358056,5.502277432712213,5.199378881987576,4.896480331262939,4.65639751552795,4.484223602484472,4.312049689440993,4.139875776397515,3.9677018633540366,3.75975155279503,3.5493167701863344,3.3388819875776385,3.1284472049689427,2.8888888888888866,2.603703703703701,2.318518518518515,2.033333333333329,1.7821510297482803,1.5354691075514846,1.2887871853546886,1.0421052631578926,0.7954233409610967,0.6944444444444441,0.6014492753623187,0.5084541062801935,0.4154589371980682,0.3187747035573128,0.2122529644268775,0.10573122529644219,0.0434782608695663,0.0434782608695663,0.0434782608695663,0.0434782608695663,0.0434782608695663,0.0434782608695663,0.0434782608695663,0.0434782608695663,0.0434782608695663,0.0434782608695663,0.04319775596073027,0.0323983169705477,0.021598877980365135,0.01079943899018257,0.0,,,,,,,,,,,,,,,,,,,,,,,,,,,,,,,,,,,,,,,,,,,,,,,,,,,,,,,,,,,,,,,,,,,,,,,,,,,,,,,,,,,,,,,
fig4_S2,S2,,,,0.08853395388195531,0.07975460122699421,0.0709752485720331,3.177654755913438,-0.42303771661568534,-1.5000000000000024,-1.268248542127489,-1.051276895234265,-0.8343052483410415,-0.6027502891659168,-0.27207299832926385,0.05860429250738919,0.3486370157819232,0.7960180315552217,0.7586099906919027,0.05555555555555658,-0.3218390804597698,-0.275301373703392,-0.3279126754288254,-0.43885052350189274,-0.17622523461939368,-0.3493222106360775,-0.3831501831501821,-0.3223443223443214,-0.2615384615384607,-0.20073260073260007,-0.13992673992673937,-0.09590409590409496,-0.092907092907092,-0.08991008991008903,-0.08691308691308607,-0.0839160839160831,-0.08091908091908012,-0.07792207792207716,-0.07492507492507419,-0.07192807192807123,-0.06893106893106826,-0.06593406593406528,-0.06293706293706232,-0.059940059940059354,-0.05694305694305639,-0.05394605394605342,-0.05094905094905045,-0.04795204795204748,-0.044955044955044515,-0.04195804195804155,-0.03896103896103858,-0.035964035964035614,-0.03296703296703264,-0.029970029970029677,-0.026973026973026712,-0.023976023976023747,-0.020979020979020782,-0.017982017982017803,-0.014985014985014838,-0.011988011988011874,-0.008991008991008909,-0.005994005994005944,-0.002997002997002965,0.0,,,,,,,,,,,,,,,,,,,,,,,,,,,,,,,,,,,,,,,,,,,,,,,,,,,,,,,,,,,,,,,,,,,,,,,,,,,,,,,,,,,,,,,
fig4_S3,S3,,,0.0,9.355113636363635,6.0707644628099136,3.7443526170798913,3.833608815426998,3.791322314049587,3.5761511216056676,3.3914451641724375,3.219566674112129,3.0476881840518204,2.875809693991512,2.6853146853146854,2.3763509218054684,2.1749967204512664,2.068739341466615,1.962481962481963,1.8562245834973115,1.7499672045126597,1.643709825528008,1.5374524465433563,1.4311950675587046,1.0787554691298027,0.6456003889158985,0.29511019283746587,0.03856749311294812,0.02262888626525017,0.006690279417552229,0.0,0.0,0.0,0.0,0.0,0.0,0.0,0.0,0.0,0.0,0.0,0.0,0.0,0.0,0.0,0.0,0.0,0.0,0.0,0.0,0.0,0.0,0.0,0.0,0.0,0.0,0.0,0.0,0.0,0.0,0.0,0.0,0.0,0.0,,,,,,,,,,,,,,,,,,,,,,,,,,,,,,,,,,,,,,,,,,,,,,,,,,,,,,,,,,,,,,,,,,,,,,,,,,,,,,,,,,,,,,,
fig4_S4,S4,,,0.0,4.709610849056605,9.41922169811321,10.069881201956674,10.096086652690426,10.12229210342418,9.642857142857142,8.352004716981133,7.931976166832177,6.721698113207548,5.511420059582919,4.0094339622641515,2.5717801476620195,1.6027481542247748,0.6337161607875301,-0.17033542976939087,-0.3144654088050297,-0.4585953878406686,-0.6027253668763075,-0.6771350546176742,-0.7050645481628584,-0.7329940417080424,-0.7609235352532265,-0.7888530287984106,-0.8150504607283894,-0.8397323387450634,-0.8644142167617375,-0.8890960947784114,-0.9137779727950854,-0.9384598508117595,-0.6518010291595181,-0.6303602058319027,-0.6089193825042872,-0.5874785591766719,-0.5660377358490565,-0.5442670537010159,-0.5224963715529752,-0.5007256894049346,-0.47895500725689394,-0.4571843251088533,-0.4354136429608127,-0.4136429608127721,-0.3918722786647314,-0.3701015965166908,-0.34833091436865016,-0.3265602322206095,-0.30478955007256886,-0.28301886792452824,-0.2612481857764876,-0.239477503628447,-0.21770682148040632,-0.1959361393323657,-0.17416545718432508,-0.15239477503628446,-0.13062409288824378,-0.10885341074020316,-0.08708272859216254,-0.06531204644412192,-0.04354136429608124,-0.021770682148040676,0.0,,,,,,,,,,,,,,,,,,,,,,,,,,,,,,,,,,,,,,,,,,,,,,,,,,,,,,,,,,,,,,,,,,,,,,,,,,,,,,,,,,,,,,,
fig4_S5,S5,,,0.0,5.867696323345818,9.932352893922875,9.913343993212798,9.33051033695241,8.586846059172249,7.443392556565754,6.424506462295209,5.406564361785435,4.327864283476899,3.684037948271358,3.1306111434294177,2.551262532871287,2.4958902560821303,2.3132139849814073,1.8723758714763155,1.6863840387684532,1.490836353388595,1.2798575776553105,1.1782035213736,1.0591444470496711,0.9087700507839092,0.473619518164298,0.5967305801511569,0.38274630081814764,0.36412882533636415,0.2888718225349233,-0.10479342250427726,-0.26499404538945825,-0.35416095035055095,-0.13480195764773228,-0.05918256678647569,-0.05995221790362429,-0.060721933558782575,-0.061492771036403424,-0.062263608514024266,-0.06091202462193767,-0.0583740235960236,-0.05583602257010953,-0.05329802154419546,-0.05076002051828139,-0.04822201949236732,-0.04568401846645325,-0.04314601744053918,-0.04060801641462511,-0.03807001538871104,-0.035532014362796974,-0.0329940133368829,-0.03045601231096883,-0.027918011285054764,-0.025380010259140696,-0.022842009233226622,-0.020304008207312554,-0.017766007181398487,-0.015228006155484412,-0.012690005129570345,-0.010152004103656277,-0.007614003077742203,-0.005076002051828135,-0.0025380010259140676,0.0,,,,,,,,,,,,,,,,,,,,,,,,,,,,,,,,,,,,,,,,,,,,,,,,,,,,,,,,,,,,,,,,,,,,,,,,,,,,,,,,,,,,,,,
fig4_S6,S6,,,0.0,4.8978420569329675,9.795684113865935,10.377468204087693,10.38377789874796,10.390087593408227,10.396397288068492,10.402706982728759,10.409016677389026,10.415326372049291,10.421636066709558,10.427945761369823,10.43425545603009,10.440565150690357,10.446874845350623,10.45318454001089,10.459494234671157,10.465803929331422,10.472113623991689,10.478423318651954,10.484733013312221,10.491042707972488,10.264462809917358,9.894628099173556,9.582185491276405,8.913893232075056,8.182935001116824,7.451976770158593,6.721018539200362,5.997396128155782,5.391146835729653,4.784897543303523,4.1786482508773934,3.5723989584512634,2.9661496660251334,2.359900373599004,1.7536510811728743,1.1474017887467438,0.6257378984651707,0.1992325855962228,0.13509218054672548,0.1486013986013977,0.16211061665606996,-0.1650979491888604,-0.1618457300275503,-0.15859351086624018,-0.15534129170493005,-0.15208907254361995,-0.14883685338230984,-0.1455846342209997,-0.1423324150596896,-0.1390801958983795,-0.13582797673706937,-0.13257575757575926,-0.12932353841444916,-0.12607131925313902,-0.11391556846102431,-0.08543667634576824,-0.05695778423051215,-0.028478892115256074,0.0,,,,,,,,,,,,,,,,,,,,,,,,,,,,,,,,,,,,,,,,,,,,,,,,,,,,,,,,,,,,,,,,,,,,,,,,,,,,,,,,,,,,,,,
fig4_S7,S7,,,0.0,10.423076923076923,7.744939271255065,5.066801619433207,3.4831730769230806,2.985576923076927,2.563545150501674,2.2926421404682285,2.0217391304347827,1.7965260545905715,1.5843672456575701,1.3722084367245688,1.1863905325443818,1.0532544378698248,0.9201183431952675,0.7435897435897446,0.5128205128205141,0.29487179487179604,0.1794871794871809,0.12153846153846286,0.13538461538461666,0.14923076923077044,-0.3589743589743528,-0.7824933687002622,-1.0331564986737367,-1.2838196286472114,-1.363247863247863,-1.228632478632479,-1.2183622828784102,-1.363523573200991,-1.5086848635235715,-1.6538461538461522,-1.0480769230769273,-0.4423076923076972,-0.03846153846153655,-0.03846153846153655,-0.03846153846153655,-0.03846153846153655,-0.03733031674207961,-0.03563348416289417,-0.03393665158370873,-0.032239819004523294,-0.03054298642533786,-0.028846153846152425,-0.027149321266966987,-0.02545248868778155,-0.02375565610859611,-0.022058823529410677,-0.02036199095022524,-0.018665158371039804,-0.016968325791854366,-0.015271493212668928,-0.013574660633483494,-0.011877828054298056,-0.010180995475112621,-0.008484162895927183,-0.006787330316741745,-0.005090497737556307,-0.003393665158370876,-0.001696832579185438,0.0,,,,,,,,,,,,,,,,,,,,,,,,,,,,,,,,,,,,,,,,,,,,,,,,,,,,,,,,,,,,,,,,,,,,,,,,,,,,,,,,,,,,,,,
fig4_S8,S8,,,0.0,9.825298540468818,8.018575851393186,6.662862513426421,5.808270676691728,4.953678839957034,4.68984962406015,4.957706766917291,5.225563909774434,5.642414860681112,6.167624944714728,6.278195488721804,6.278195488721804,5.99624060150376,5.746799431009957,5.824019508230034,5.901239585450112,5.97845966267019,5.656999641962049,4.976727533118512,4.443609022556392,4.229323308270677,3.93483709273183,3.1390977443609014,1.75856307435255,0.36967418546366515,0.09852216748768516,0.03694581280788216,-0.024630541871920847,-0.03759398496240607,-0.037332005973121016,-0.036087605774016984,-0.03484320557491295,-0.033598805375808914,-0.03235440517670488,-0.03111000497760085,-0.029865604778496816,-0.02862120457939278,-0.02737680438028875,-0.02613240418118471,-0.02488800398208068,-0.023643603782976648,-0.02239920358387261,-0.021154803384768578,-0.019910403185664543,-0.01866600298656051,-0.017421602787456476,-0.01617720258835244,-0.01493280238924841,-0.013688402190144375,-0.01244400199104034,-0.011199601791936305,-0.009955201592832273,-0.008710801393728238,-0.007466401194624203,-0.006222000995520172,-0.00497760079641614,-0.0037332005973121016,-0.00248880039820807,-0.0012444001991040315,0.0,,,,,,,,,,,,,,,,,,,,,,,,,,,,,,,,,,,,,,,,,,,,,,,,,,,,,,,,,,,,,,,,,,,,,,,,,,,,,,,,,,,,,,,
fig4_s9,S9,,,0.0,9.917355371900818,7.107438016528917,4.657024793388427,3.8842975206611556,3.487243981315126,3.0901904419690958,2.791322314049585,2.7280991735537174,2.66487603305785,2.601652892561982,2.5384297520661145,2.475206611570247,2.438016528925619,2.438016528925619,2.438016528925619,2.438016528925619,2.438016528925619,2.438016528925619,2.438016528925619,2.438016528925619,2.438016528925619,2.438016528925619,1.0046487603305605,0.9274563820018361,0.9469696969696968,0.9664830119375575,0.985996326905418,0.7024793388429753,0.7024793388429753,0.5566358774914885,0.24671852211958722,0.06839555428897018,0.03811627244229033,0.00783699059561048,-0.022442291251069363,-0.05272157309774922,-0.08300085494442905,-0.1132801367911089,-0.12026140855192212,-0.1145346748113544,-0.10880794107078667,-0.10308120733021896,-0.09735447358965124,-0.09162773984908351,-0.0859010061085158,-0.08017427236794808,-0.07444753862738035,-0.06872080488681265,-0.06299407114624492,-0.0572673374056772,-0.051540603665109486,-0.045813869924541756,-0.04008713618397404,-0.034360402443406324,-0.028633668702838608,-0.022906934962270878,-0.017180201221703162,-0.011453467481135446,-0.00572673374056773,0.0,,,,,,,,,,,,,,,,,,,,,,,,,,,,,,,,,,,,,,,,,,,,,,,,,,,,,,,,,,,,,,,,,,,,,,,,,,,,,,,,,,,,,,,
fig5_S1,S1,,,0.0,6.46536796536796,8.231040564373899,8.800000000000002,7.924036281179141,8.262896825396828,7.7277777777777805,7.192658730158733,6.4742063492063515,5.930033416875522,5.766499582289057,5.602965747702591,5.439431913116124,5.273809523809525,4.928571428571429,4.583333333333334,4.238095238095238,3.892857142857143,3.6716791979949877,3.4899749373433586,5.09920634920635,6.48696145124717,2.593795093795097,0.650595238095238,0.4607142857142864,0.2708333333333348,0.20238095238095322,0.15922619047619102,0.11607142857142883,0.07584776334776322,0.05230880230880225,0.028769841269841286,0.005230880230880308,-0.018308080808080662,-0.03954268932242487,-0.03802181665617776,-0.036500943989930645,-0.03498007132368354,-0.03345919865743643,-0.031938325991189315,-0.03041745332494221,-0.028896580658695097,-0.027375707992447984,-0.025854835326200875,-0.024333962659953766,-0.022813089993706653,-0.021292217327459544,-0.019771344661212435,-0.018250471994965323,-0.016729599328718214,-0.015208726662471105,-0.013687853996223992,-0.012166981329976883,-0.01064610866372977,-0.009125235997482661,-0.007604363331235549,-0.006083490664988443,-0.004562617998741331,-0.003041745332494218,-0.0015208726662471125,0.0,,,,,,,,,,,,,,,,,,,,,,,,,,,,,,,,,,,,,,,,,,,,,,,,,,,,,,,,,,,,,,,,,,,,,,,,,,,,,,,,,,,,,,,
fig5_S2,S2,,,0.0,9.545454545454517,0.0,-1.9311111111111114,-2.7244444444444453,-2.6970833333333344,-2.583333333333335,-2.4695833333333357,-2.3574525745257477,-2.260704607046073,-2.163956639566398,-2.067208672086723,-1.9704607046070481,-1.8737127371273732,-1.7769647696476984,-1.6802168021680233,-1.5834688346883485,-1.4867208672086734,-1.3899728997289986,-1.2932249322493237,0.7933333333333228,6.1133333333333155,3.7303030303030305,3.762222222222222,3.8037037037037043,3.531481481481482,3.0303030303030307,2.8366666666666664,2.794666666666666,2.587179487179486,2.0794871794871805,1.8641025641025624,1.5102564102564082,0.9333333333333336,0.9333333333333336,0.9333333333333336,0.3583333333333354,-0.03333333333333288,-0.3133333333333338,-0.315811965811966,-0.252991452991453,-0.19017094017093994,-0.14343434343434297,-0.24949494949494933,-0.35555555555555574,-0.4616161616161621,-0.39047619047619075,-0.3104761904761913,-0.2304761904761918,-0.1803030303030313,-0.14848484848484905,-0.1166666666666668,-0.08484848484848455,-0.06282051282051251,-0.053846153846153585,-0.04487179487179466,-0.03589743589743573,-0.026923076923076793,-0.017948717948717857,-0.008974358974358929,0.0,,,,,,,,,,,,,,,,,,,,,,,,,,,,,,,,,,,,,,,,,,,,,,,,,,,,,,,,,,,,,,,,,,,,,,,,,,,,,,,,,,,,,,,
fig5_S3,S3,,,0.0,9.252173913043485,4.504347826086973,2.4519762845849797,2.305533596837944,2.1590909090909083,2.0126482213438726,1.8662055335968368,1.719762845849801,1.626370510396974,1.5784499054820402,1.5305293005671063,1.4826086956521725,1.4346880907372386,1.386767485822305,1.338846880907371,1.2909262759924371,1.2430056710775033,1.1950850661625694,1.1471644612476357,1.0992438563327018,1.086956521739129,1.0541374474053287,0.9556802244039264,0.8572230014025242,0.7587657784011219,0.6603085553997196,0.5618513323983173,0.46339410939691494,0.3649368863955127,0.24763705103969835,0.10018903591682402,-0.04725897920605032,-0.1275919732441486,-0.12107023411371379,-0.11454849498327899,-0.10802675585284417,-0.10150501672240936,-0.09498327759197456,-0.08846153846153973,-0.08193979933110493,-0.07541806020067013,-0.0688963210702353,-0.0623745819398005,-0.055852842809365685,-0.049331103678930885,-0.04316205533596945,-0.040079051383400205,-0.03699604743083096,-0.03391304347826171,-0.030830039525692465,-0.027747035573123222,-0.024664031620553976,-0.02158102766798473,-0.018498023715415483,-0.015415019762846236,-0.01233201581027699,-0.00924901185770774,-0.006166007905138493,-0.0030830039525692465,0.0,,,,,,,,,,,,,,,,,,,,,,,,,,,,,,,,,,,,,,,,,,,,,,,,,,,,,,,,,,,,,,,,,,,,,,,,,,,,,,,,,,,,,,,
fig5_S4,S4,,,0.0,0.0,0.5709745762711804,2.283898305084746,2.499999999999997,0.7203389830508447,0.08108474576271418,0.07538983050847672,0.06969491525423928,0.06400000000000182,0.058305084745764374,0.05261016949152692,0.04691525423728947,0.04122033898305202,0.035525423728814565,0.029830508474577112,0.02413559322033966,0.0184406779661022,0.012745762711864755,0.007050847457627296,0.0013559322033898508,4.230508474576282,9.783050847457618,6.693374422187972,3.9190207156308707,1.4077212806026163,0.20864991233196944,0.20251315020455857,0.1963763880771477,0.19023962594973684,0.18410286382232596,0.1779661016949151,0.17182933956750424,0.16569257744009336,0.1595558153126825,0.15341905318527163,0.14728229105786078,0.1411455289304499,0.13500876680303903,0.12887200467562818,0.12273524254821731,0.11659848042080645,0.11046171829339557,0.10432495616598471,0.09818819403857384,0.09205143191116298,0.08591466978375212,0.07977790765634124,0.07364114552893039,0.06750438340151951,0.061367621274108636,0.055230859146697786,0.04909409701928691,0.04295733489187606,0.03682057276446518,0.030683810637054304,0.024547048509643454,0.018410286382232577,0.012273524254821727,0.00613676212741085,0.0,,,,,,,,,,,,,,,,,,,,,,,,,,,,,,,,,,,,,,,,,,,,,,,,,,,,,,,,,,,,,,,,,,,,,,,,,,,,,,,,,,,,,,,
fig5_S5,S5,,,0.0,6.098460336915207,10.084257141346265,10.102733323683058,9.347797284999835,8.376647839048148,6.8033565522943364,3.702454749159716,1.358566709380272,0.40919489967283584,-0.2636504991797737,-0.8522291981260186,-1.7391241039306153,-2.784673748084236,-3.7965883760004537,-4.60036371222545,-5.23093115858941,-5.696667307966404,-5.982630716050219,-6.078266354811521,-6.2339979084946915,-3.253620947849552,0.6606576732615328,0.012350589330983326,0.012016789619335128,0.01168298990768693,0.011349190196038732,0.011015390484390535,0.010681590772742337,0.010347791061094139,0.01001399134944594,0.009680191637797743,0.009346391926149545,0.009012592214501347,0.00867879250285315,0.008344992791204951,0.008011193079556753,0.0076773933679085546,0.007343593656260357,0.007009793944612159,0.006675994232963961,0.006342194521315763,0.006008394809667565,0.005674595098019367,0.005340795386371169,0.005006995674722971,0.0046731959630747725,0.004339396251426575,0.004005596539778377,0.0036717968281301788,0.003337997116481981,0.003004197404833783,0.002670397693185585,0.002336597981537387,0.002002798269889189,0.0016689985582409896,0.0013351988465927916,0.0010013991349445937,0.0006675994232963958,0.0003337997116481979,0.0,,,,,,,,,,,,,,,,,,,,,,,,,,,,,,,,,,,,,,,,,,,,,,,,,,,,,,,,,,,,,,,,,,,,,,,,,,,,,,,,,,,,,,,
fig5_S6,S6,,,0.0,3.694806525659934,9.777043367765192,10.016807363591358,10.009973479542094,10.00313959549283,9.996305711443565,9.989471827394302,9.982637943345038,9.975804059295774,9.96897017524651,9.962136291197245,9.955302407147983,9.948468523098718,9.941634639049454,9.93480075500019,9.927966870950925,9.921132986901661,9.914299102852398,9.907465218803134,9.159506582253034,8.054667872575616,6.387215432542529,4.483805440472753,3.0395835884041396,2.1031240740295813,1.4508104493509215,0.8852768051322116,0.4014493118707546,0.21424910174872802,0.23421715286693817,0.2541852039851483,0.24136890618753223,0.1644923928703421,0.055563929923290595,-0.1863715539476774,-0.22399385366675117,-0.19189925907215702,-0.17052290606200926,-0.16277186487737247,-0.15502082369273568,-0.14726978250809888,-0.13951874132346212,-0.13176770013882533,-0.12401665895418854,-0.11626561776955176,-0.10851457658491498,-0.10076353540027819,-0.09301249421564141,-0.08526145303100462,-0.07751041184636784,-0.06975937066173105,-0.06200832947709427,-0.05425728829245749,-0.0465062471078207,-0.038755205923183905,-0.03100416473854714,-0.02325312355391035,-0.015502082369273557,-0.007751041184636764,0.0,,,,,,,,,,,,,,,,,,,,,,,,,,,,,,,,,,,,,,,,,,,,,,,,,,,,,,,,,,,,,,,,,,,,,,,,,,,,,,,,,,,,,,,
fig5_S7,S7,,,0.0,7.210290722042516,3.0264286269128204,2.373566674050865,2.258375211401775,2.205382096030221,2.213396667979219,2.221411239928217,2.2294258118772157,2.237440383826214,2.245454955775212,2.25346952772421,2.261484099673208,2.2694986716222063,2.2775132435712044,2.285527815520203,2.293542387469201,2.3015569594181993,2.317866442569383,2.328996680328329,2.387416658489084,2.4876858693883337,4.148621140281805,4.8383525098614335,4.58519753762519,4.356350087054635,4.540855158758028,3.4362447367289266,3.3395198793808394,3.3176972453000793,3.314872386543017,3.296125596609785,3.145129332599825,2.971857272341462,2.762878843363034,2.4712938361669865,2.312073512032077,2.2159586015821082,2.121015361128032,1.8920851925693876,1.5395947711134452,1.1947671849065484,0.8499395986996514,0.5051120124927546,0.1602844262858576,-0.14930290039464364,-0.43973371385498,-0.7392013571382214,-0.9131187455459506,-0.7213343211271422,-0.754711238898585,-0.8122462575247823,-0.7022191958526556,-0.6637211781354116,-0.6450301468715423,-0.6258055795586813,-0.49061366227432535,-0.36217520279531096,-0.2564791020623314,-0.12993039443155785,0.0,,,,,,,,,,,,,,,,,,,,,,,,,,,,,,,,,,,,,,,,,,,,,,,,,,,,,,,,,,,,,,,,,,,,,,,,,,,,,,,,,,,,,,,
fig5_S8,S8,,,0.0,10.564581725133657,10.272278926151468,8.75319495668582,7.169225491036965,5.845752208594216,4.56108299739829,4.327795928233358,5.207393429968264,5.905866712411012,6.630891604545098,6.768130237137198,6.9053688697292985,6.966935414701087,6.986019384166736,7.005103353632385,7.056730513134193,7.129450480992771,7.016553735311776,6.673042284930094,6.167143603458894,5.313118620807959,4.040545011211446,3.330675872716354,2.0318209108842935,2.077035238541369,1.8115373776236632,1.4414901220802223,1.3473425393830218,1.2719319448884576,1.1551327135854093,1.0285913160516447,0.9431538527515864,0.8085384681362014,0.7646453383652086,0.7837293078308578,0.8028132772965069,0.8131901856934531,0.8216586971438343,0.8301272085942155,0.8435257454898892,0.8739328701718231,0.9043399948537568,0.9347471195356907,0.9478514452354364,0.9579960816355971,0.9681407180357579,0.9782853544359186,0.9368865866957442,0.8588127044710989,0.7807388222464535,0.7026649400218081,0.6245910577971627,0.5465171755725174,0.46844329334787205,0.39036941112322676,0.31229552889858136,0.23422164667393597,0.15614776444929068,0.07807388222464529,0.0,,,,,,,,,,,,,,,,,,,,,,,,,,,,,,,,,,,,,,,,,,,,,,,,,,,,,,,,,,,,,,,,,,,,,,,,,,,,,,,,,,,,,,,
fig5_S9,S9,,,0.0,2.812601834084476,7.357891689156939,8.559237444850531,5.537348043928871,4.594951730564817,3.976379862838323,3.6316211785469,3.2868624942554767,3.0107871600614486,2.969702359413806,2.9286175587661636,2.8875327581185215,2.846447957470879,2.8170357641782617,2.837388705354732,2.8577416465312027,2.878094587707673,2.898447528884144,2.7307600012415083,2.5319818057527868,2.720342762890155,2.4654765828414935,1.7448873805004648,1.1468314298129345,0.851265858425906,0.820602875000491,0.816655027268113,0.8306660162791024,0.5002092774170226,0.5078683504727954,0.5155274235285682,0.5140780587820525,0.5058135959721354,0.17867410840483688,-0.05063884767391657,-0.10323014441566142,-0.15582144115740626,-0.20841273789915113,-0.26100403464089594,-0.28678491131651496,-0.27244566575068924,-0.25810642018486346,-0.2437671746190377,-0.22942792905321197,-0.21508868348738622,-0.20074943792156047,-0.18641019235573472,-0.17207094678990897,-0.15773170122408323,-0.14339245565825748,-0.12905321009243173,-0.11471396452660598,-0.10037471896078023,-0.08603547339495449,-0.07169622782912874,-0.05735698226330299,-0.043017736697477243,-0.028678491131651496,-0.014339245565825776,0.0,,,,,,,,,,,,,,,,,,,,,,,,,,,,,,,,,,,,,,,,,,,,,,,,,,,,,,,,,,,,,,,,,,,,,,,,,,,,,,,,,,,,,,,
fig6_S1,S1,,,0.0,9.566193845005886,9.089123830076495,8.079485401928439,7.713598183562761,7.344666257791678,6.695899294214127,6.387500168235128,6.031646880511829,5.736494103780004,5.308356136322973,4.8253049697523895,4.447219536832579,3.9287943032466397,2.911251546707397,2.466475175715495,1.9487115528892156,0.9724612895883642,0.5272631706491913,0.4181383752337385,0.0,,,,,,,,,,,,,,,,,,,,,,,,,,,,,,,,,,,,,,,,,,,,,,,,,,,,,,,,,,,,,,,,,,,,,,,,,,,,,,,,,,,,,,,,,,,,,,,,,,,,,,,,,,,,,,,,,,,,,,,,,,,,,,,
fig6_S2,S2,,,0.0,0.44962335216573024,-3.3753345227475533,2.1635391444713488,1.5802592223330023,0.5656779661016953,0.6518904823989564,0.5932203389830502,0.5671447196870918,0.4576271186440675,0.3262711864406783,0.5084745762711869,0.49152542372881386,0.3827683615819212,0.31709039548022677,0.29661016949152597,0.3389830508474585,0.16949152542372925,0.0,0.0,0.0,,,,,,,,,,,,,,,,,,,,,,,,,,,,,,,,,,,,,,,,,,,,,,,,,,,,,,,,,,,,,,,,,,,,,,,,,,,,,,,,,,,,,,,,,,,,,,,,,,,,,,,,,,,,,,,,,,,,,,,,,,,,,,,
fig6_S3,S3,,,,7.515737410071948,9.50089928057554,3.0845323741007142,0.33682145192936597,0.4005129229949377,0.406674660271783,0.4128363975486283,0.4189981348254736,0.4251598721023189,0.4313216093791642,0.0,0.0,0.0,0.0,0.0,0.0,0.0,0.0,0.0,0.0,,,,,,,,,,,,,,,,,,,,,,,,,,,,,,,,,,,,,,,,,,,,,,,,,,,,,,,,,,,,,,,,,,,,,,,,,,,,,,,,,,,,,,,,,,,,,,,,,,,,,,,,,,,,,,,,,,,,,,,,,,,,,,,
fig6_S4,S4,,-0.46262571350910453,-0.5653710247349795,0.7703180212014242,9.930464411913176,9.948384654215044,9.830388692579506,6.466431095406359,3.236749116607773,1.571260306242641,-0.42402826855123443,-0.36427883070992617,-0.38869257950529956,-0.38869257950529956,-0.33745583038869326,-0.32752528329474895,-0.3045936395759721,-0.3634528016153453,-0.38869257950529956,-0.3820965842167248,-0.3200403836446244,-0.3533568904593647,,,,,,,,,,,,,,,,,,,,,,,,,,,,,,,,,,,,,,,,,,,,,,,,,,,,,,,,,,,,,,,,,,,,,,,,,,,,,,,,,,,,,,,,,,,,,,,,,,,,,,,,,,,,,,,,,,,,,,,,,,,,,,,,
fig6_S5,S5,,,,7.978896103896103,9.902597402597406,7.843860684769777,1.0714285714285712,-0.41666666666666863,-0.35714285714285765,-0.3501855287569577,-0.2752682100508205,-0.10304912478825556,0.007215007215006702,0.2664247517188693,0.12987012987012925,0.05829397874852453,0.07992007992008024,0.2153679653679649,0.07083825265643488,-0.018338143338143008,0.0,0.0,0.0,,,,,,,,,,,,,,,,,,,,,,,,,,,,,,,,,,,,,,,,,,,,,,,,,,,,,,,,,,,,,,,,,,,,,,,,,,,,,,,,,,,,,,,,,,,,,,,,,,,,,,,,,,,,,,,,,,,,,,,,,,,,,,,
fig6_S6,S6,,,0.0,4.9229846096025955,6.9644140703519755,1.1601528988386898,0.07834792677079956,0.20388715135827676,0.1482599385789478,0.1963952356580098,0.17520879498004288,0.13358907887443264,0.24210440705940886,0.19639523565800746,0.1752087949800417,-0.19025038304145042,-0.2643244571155242,-0.27383374603347516,-0.2181667979541178,-0.16348773841962355,-0.10899182561308236,-0.054495912806541175,0.0,,,,,,,,,,,,,,,,,,,,,,,,,,,,,,,,,,,,,,,,,,,,,,,,,,,,,,,,,,,,,,,,,,,,,,,,,,,,,,,,,,,,,,,,,,,,,,,,,,,,,,,,,,,,,,,,,,,,,,,,,,,,,,,
fig6_S7,S7,,,0.0,5.908221351250469,0.06830907054871302,0.28504883663058245,0.25154493799510635,0.3212330471569005,0.21469064949608369,-0.32204180664426746,-0.9448488241881283,-1.0325681224337424,-0.689000870971754,-0.9448488241881248,-0.7940812803284748,-0.5233088631744801,-0.4462242562929021,-0.37185354691075173,-0.2974828375286014,-0.22311212814645104,-0.1487414187643007,-0.07437070938215035,0.0,,,,,,,,,,,,,,,,,,,,,,,,,,,,,,,,,,,,,,,,,,,,,,,,,,,,,,,,,,,,,,,,,,,,,,,,,,,,,,,,,,,,,,,,,,,,,,,,,,,,,,,,,,,,,,,,,,,,,,,,,,,,,,,
fig6_S8,S8,,,0.0,8.429239812152321,9.289788063120142,6.750127777188042,5.1455791780873845,4.342974027321411,4.297624533735393,4.802401363799687,5.3819357963894054,5.811833941508351,5.8875431392443645,5.717450635003482,5.432032090009494,4.585984703178305,4.196000250130657,3.243375271905921,1.6389773520209059,0.38998203644564994,0.013742120223856222,-0.02519264967397629,0.0,,,,,,,,,,,,,,,,,,,,,,,,,,,,,,,,,,,,,,,,,,,,,,,,,,,,,,,,,,,,,,,,,,,,,,,,,,,,,,,,,,,,,,,,,,,,,,,,,,,,,,,,,,,,,,,,,,,,,,,,,,,,,,,
fig6_S9,S9,,,0.0,6.6007416332499025,2.4093457439124832,1.3073051169559307,0.8407672847265761,0.7347291153081241,0.8372912039515832,0.5540773238315898,0.6185218443796935,0.42071632797139796,0.17849620007303837,-0.11434544851698358,-0.23548874314503093,-0.28973710915810247,-0.3412696762079107,-0.3628214003458418,-0.3843731244837729,-0.40592484862170397,-0.32383767804354074,-0.16191883902177034,0.0,,,,,,,,,,,,,,,,,,,,,,,,,,,,,,,,,,,,,,,,,,,,,,,,,,,,,,,,,,,,,,,,,,,,,,,,,,,,,,,,,,,,,,,,,,,,,,,,,,,,,,,,,,,,,,,,,,,,,,,,,,,,,,,
fig7_S1,S1,,,0.0,1.9774317704688575,3.954863540937715,9.285577685526347,10.261252708178153,9.434973638410714,8.726228815218612,8.162619234499886,7.913328023483279,7.664036812466673,7.414745601450067,7.267378779169578,7.168694568643262,7.070010358116947,6.971326147590631,6.872641937064315,6.774680575380759,6.679319082766092,6.583957590151425,6.4885960975367585,6.393234604922092,6.297873112307425,6.187090795058357,6.064213436567791,5.941336078077226,5.81845871958666,5.695581361096094,5.563335497368966,5.430033661515834,5.296731825662702,5.163429989809571,5.030128153956439,4.87842031190208,4.705857509413027,4.533294706923975,4.360731904434922,4.18816910194587,4.015606299456817,3.8422351777803216,3.6621907615366665,3.4821463452930113,3.302101929049356,3.122057512805701,2.929744751428243,2.7245270711357876,2.5193093908433326,2.314091710550877,2.106320933382451,1.8676432140132637,1.6289654946440764,1.390287775274889,1.2363251656581895,1.1854856134193836,1.134646061180578,1.0838065089417723,1.0329669567029665,0.9821274044641608,0.931287852225355,0.8804482999865493,0.8296087477477436,0.7794618953759388,0.76012402408881,0.7407861528016811,0.7214482815145523,0.7021104102274236,0.6827725389402948,0.6634346676531659,0.6440967963660371,0.6247589250789083,0.6054210537917795,0.5986898983878747,0.602438392845019,0.6061868873021632,0.6099353817593075,0.6136838762164517,0.617432370673596,0.6211808651307402,0.6249293595878845,0.6286778540450287,0.632426348502173,0.6361748429593173,0.6399233374164616,0.6436718318736058,0.6474203263307501,0.6511688207878943,0.6549173152450385,0.6586658097021828,0.662414304159327,0.6661627986164713,0.6699112930736155,0.6736597875307598,0.677408281987904,0.6811567764450484,0.6849052709021926,0.6886537653593369,0.6924022598164811,0.6961507542736254,0.6998992487307696,0.7036477431879139,0.7073962376450581,0.7111447321022024,0.7148932265593466,0.7186417210164909,0.7223902154736351,0.7261387099307794,0.7298872043879236,0.7336356988450679,0.7373841933022122,0.7411326877593565,0.7448811822165007,0.7486296766736449,0.7523781711307892,0.7501760501247455,0.7464723464210419,0.7427686427173383,0.7390649390136347,0.7353612353099311,0.7316575316062275,0.7279538279025239,0.7242501241988203,0.7205464204951167,1.4938060513633826,3.0533099532585966,4.61281385515381,2.848400223174677,0.5745814780158556,0.11063368927461492,-0.30607995221354245,-0.5738443744343282,-0.5922604466428013,-0.6106765188512744,-0.6290925910597476,-0.6475086632682207,-0.6659247354766937,-0.6843408076851668,-0.7027568798936399,-0.721172952102113,-0.739589024310586,-0.7535276535789579,-0.7572313572826614,,,,,,,,
fig7_S2,S2,,,0.0,2.0393053016453364,4.078610603290673,6.117915904936009,8.157221206581346,10.196526508226682,3.003759398496282,-4.616348291722536,-4.479497275921181,-4.342646260119827,-4.205795244318472,-4.068944228517117,-3.9320932127157633,-3.7952421969144083,-3.658391181113054,-3.5215401653116993,-3.3846891495103444,-3.128258243340957,-2.7206155537397065,-2.3129728641384566,-1.9053301745372064,-1.547788765297382,-1.2453987410507597,-0.943008716804137,-0.6406186925575144,-0.3382015972165574,0.03403726463293866,0.4062761264824347,0.7785149883319309,1.150753850181427,1.2468474024177165,1.297846350893006,1.3488452993682953,1.6535124728537263,1.9829572454467557,2.226641014665376,2.2566533909029998,2.2866657671406236,2.3166781433782475,2.346690519615871,2.376702895853495,2.4068138931869028,2.4410532154601117,2.47529253773332,2.509531860006529,2.543771182279738,2.536959467195908,2.5061853555207816,2.4754112438456546,2.4446371321705276,2.3945374601892024,2.3437698398123707,2.293002219435539,2.242234599058707,1.932169215259231,1.3887350638005778,1.137179047203067,0.8856230306055562,0.6108670643684713,0.3290723581063673,0.13748501293189236,0.10225072306629154,0.06701643320069074,0.03178214333508993,0.0,0.0,0.0,0.0,-0.0013891205662049323,-0.0031276774564464736,-0.004866234346688016,-0.006604791236929557,-0.008343348127171099,-0.01008190501741264,-0.011820461907654182,-0.013559018797895723,-0.015297575688137265,-0.017036132578378806,-0.018774689468620348,-0.02051324635886189,-0.02225180324910343,-0.023990360139344972,-0.025728917029586514,-0.027467473919828057,-0.029206030810069596,-0.030944587700311138,-0.03268314459055268,-0.03442170148079422,-0.036160258371035765,-0.03789881526127731,-0.03963737215151884,-0.041375929041760386,-0.04311448593200193,-0.04485304282224347,-0.04659159971248501,-0.048330156602726555,-0.0500687134929681,-0.05180727038320964,-0.053545827273451176,-0.05528438416369272,-0.05702294105393426,-0.0587614979441758,-0.060500054834417345,-0.06223861172465889,-0.06397716861490042,-0.06571572550514197,-0.06745428239538351,-0.06919283928562506,-0.07093139617586659,-0.07266995306610814,-0.07440850995634968,-0.07309572413987916,-0.06930310606042948,-0.0655104879809798,-0.06171786990153014,-0.057925251822080456,-0.05413263374263078,-0.05034001566318111,-0.046547397583731435,-0.04275477950428176,-0.03896216142483208,0.5926262110407533,1.5784963151557716,2.5643664192707902,2.37350132086974,1.0626905100589397,1.404406212036621,0.19594501114782487,0.11013467852220478,0.039750396693284444,0.05369519255297389,0.06763998841266335,0.0815847842723528,0.09552958013204225,0.10947437599173171,0.12341917185142116,0.13736396771111062,0.15130876357080006,0.16525355943048953,0.17919835529017897,0.1752669586986376,0.141025219077062,0.10678347945548639,0.07254173983391077,0.03830000021233515,0.00405826059075956,,
fig7_S3,S3,,,0.0,2.830743879472698,6.521388868302089,8.727605658950324,9.448263493377063,9.037045736928354,8.45155415755826,6.837846548552857,6.260818332936703,6.233512744816343,6.206207156695983,6.178901568575624,6.151595980455264,6.124290392334904,6.096984804214545,6.069679216094186,6.042373627973826,6.015068039853467,5.987762451733107,5.960456863612747,5.933151275492388,5.905845687372028,5.878540099251668,5.8512345111313095,5.82392892301095,5.79662333489059,5.769317746770231,5.742012158649871,5.714706570529511,5.687400982409152,5.660095394288792,5.632789806168432,5.6054842180480735,5.578178629927714,5.550873041807354,5.5235674536869945,5.496261865566635,5.468956277446275,5.441650689325916,5.40914520123332,5.376274272403405,5.343403343573489,5.310532414743574,5.277661485913658,5.244790557083743,5.211919628253828,5.1790486994239116,5.146177770593996,5.11330684176408,5.080435912934165,5.047564984104249,5.014694055274334,4.981823126444418,4.948952197614503,4.916081268784587,4.883210339954672,4.862733850016828,4.846810444896958,4.830887039777088,4.814963634657217,4.799040229537347,4.783116824417477,4.767193419297607,4.751270014177737,4.735346609057867,4.719423203937997,4.703499798818127,4.687576393698257,4.671652988578387,4.655729583458516,4.638311501281652,4.611717367309917,4.585123233338182,4.558529099366447,4.531934965394712,4.505340831422977,4.478746697451242,4.4521525634795065,4.425558429507772,4.398964295536037,4.372370161564302,4.345776027592567,4.319181893620832,4.292587759649097,4.265993625677361,4.239399491705627,4.212805357733892,4.1862112237621565,4.159617089790421,4.133022955818687,4.106428821846952,4.079834687875216,4.053240553903482,4.026646419931747,4.000052285960011,3.9734581519882766,3.9468640180165413,3.9202698840448065,3.893675750073071,3.8670816161013364,3.8404874821296016,3.8138933481578663,3.787299214186131,3.760705080214396,3.7341109462426614,3.707516812270926,3.6809226782991913,3.654328544327456,3.627734410355721,3.601140276383986,3.574546142412251,3.5479520084405163,3.529475337477417,3.518106242201196,3.506737146924975,3.495368051648754,3.4839989563725333,3.4726298610963124,3.4612607658200916,3.4498916705438702,3.4385225752676494,2.0677656798962554,0.752744049878695,0.5234482128547792,0.2941523758308634,0.06933713987631204,0.053669395534108766,0.038001651191905496,0.02233390684970222,0.006666162507498935,-0.009001581834704342,-0.02824616819427348,-0.10269872293879884,-0.17715127768332417,-0.25160383242784956,-0.3260563871723749,-0.32969026838857096,-0.33328739069072943,,,,,,,,,,
fig7_S4,S4,,,0.0,1.4526049204052085,2.905209840810417,4.738859852838219,8.638858516368622,10.09876031669597,9.514144932080583,7.256080937251884,5.457053186616751,2.6527896207252724,1.6488213667570228,-0.11485266998920647,-0.16848269459954288,-0.22211271920987927,-0.2757427438202157,-0.3293727684305521,-0.38300279304088847,-0.43663281765122486,-0.48929884522915,-0.496297210574471,-0.503295575919792,-0.510293941265113,-0.5172923066104339,-0.524290671955755,-0.5312890373010759,-0.538287402646397,-0.540662760227108,-0.5425009955212258,-0.5443392308153434,-0.5461774661094612,-0.5480157014035789,-0.5498539366976966,-0.5516921719918143,-0.5535304072859321,-0.5553686425800497,-0.5572068778741674,-0.563598195662544,-0.5730201175844657,-0.5824420395063874,-0.5918639614283091,-0.6012858833502308,-0.6107078052721525,-0.6201297271940742,-0.6295516491159959,-0.6389735710379176,-0.6483954929598392,-0.6436579678948382,-0.6374279359459566,-0.631197903997075,-0.6249678720481934,-0.6187378400993118,-0.6125078081504302,-0.6062777762015485,-0.6000477442526669,-0.5938177123037853,-0.5939715837565199,-0.5958098190506376,-0.5976480543447552,-0.5994862896388728,-0.6013245249329905,-0.6031627602271081,-0.6050009955212258,-0.6068392308153434,-0.6086774661094612,-0.6105157014035788,-0.6123539366976964,-0.6129960623436094,-0.6124692783016539,-0.6119424942596984,-0.611415710217743,-0.6108889261757875,-0.610362142133832,-0.6098353580918765,-0.6093085740499211,-0.6087817900079656,-0.6082550059660101,-0.6077282219240547,-0.6072014378820992,-0.6066746538401437,-0.6061478697981884,-0.6056210857562329,-0.6050943017142774,-0.6045675176723219,-0.6040407336303665,-0.603513949588411,-0.6029871655464555,-0.6024603815045001,-0.6019335974625446,-0.6014068134205891,-0.6008800293786336,-0.6003532453366782,-0.5998264612947227,-0.5992996772527672,-0.5987728932108118,-0.5982461091688563,-0.5977193251269008,-0.5971925410849455,-0.59666575704299,-0.5961389730010345,-0.595612188959079,-0.5950854049171236,-0.5945586208751681,-0.5940318368332126,-0.5935050527912572,-0.5929782687493017,-0.5924514847073462,-0.5919247006653907,-0.5913979166234353,-0.5908711325814798,-0.5903443485395243,-0.6377568561680667,-0.68618859048541,-0.7346203248027533,-0.7229216700803557,-0.6982885463906282,-0.6736554227009007,-0.6490222990111733,-0.6243891753214458,-0.5997560516317183,-0.5751229279419908,2.5029966600628475,6.0025135682754,9.502030476487953,-0.47321322606561705,-0.5142652446991575,-0.5553172633326978,-0.5963692819662383,-0.6374213005997786,-0.678473319233319,-0.7195253378668593,-0.7605773565003998,-0.721775898913234,-0.6314474317599496,-0.5411189646066652,-0.45079049745338085,-0.36046203030009644,-0.27013356314681203,-0.1955133354755764,-0.13034222365038425,-0.06517111182519211,0.0,,,,,,,
fig7_S5,S5,,,0.0,1.7023601398601456,8.94918294141096,9.94863708988254,10.029226801060044,9.867631406323202,8.994264908624025,7.60253702163222,6.537702996735956,5.870828643717,5.313438706610079,4.414908747862522,2.199182941410914,1.3385799603811095,0.5646978465599721,-0.22805586455922688,-0.9385570881311751,-1.5862675755757851,-2.169495688279129,-2.69070303831881,-2.949888004535026,-3.209072970751243,-3.468257936967459,-3.76661705858908,-3.953906946229528,-3.9184434630834604,-3.8829799799373923,-3.8475164967913247,-3.8120530136452566,-3.799056495208795,-3.8008170585890766,-3.8025776219693577,-3.804338185349639,-3.8060987487299207,-3.8078593121102022,-3.8096198754904838,-3.8113804388707657,-3.8131410022510472,-3.814901565631329,-3.8166621290116107,-3.8184226923918927,-3.820183255772174,-3.822609569331863,-3.8569097534939263,-3.8912099376559897,-3.925510121818053,-3.9598103059801164,-3.8947416395946632,-3.785453930097456,-3.676166220600249,-3.586825289041751,-3.501331461881258,-3.415837634720765,-3.3835635374623174,-3.385324100842599,-3.3870846642228805,-3.388845227603162,-3.3906057909834435,-3.361843189882894,-3.3044818132098537,-3.247120436536813,-3.1897590598637726,-3.0473766916165954,-2.745197792534028,-2.6149196226916405,-2.5947583323690595,-2.574597042046479,-2.547058144593028,-2.5083183166745764,-2.469578488756125,-2.4308386608376735,-2.392098832919222,-2.3533590050007707,-2.314619177082319,-2.2758793491638674,-2.237139521245416,-2.1983996933269645,-2.1596598654085133,-2.1209200374900616,-2.08218020957161,-2.0434403816531583,-2.004700553734707,-1.9659607258162555,-1.9272208978978043,-1.8884810699793526,-1.849741242060901,-1.8110014141424498,-1.772261586223998,-1.7335217583055467,-1.6947819303870952,-1.6560421024686436,-1.6173022745501922,-1.5785624466317407,-1.539822618713289,-1.5010827907948376,-1.4623429628763862,-1.4236031349579348,-1.3848633070394831,-1.3461234791210317,-1.3073836512025803,-1.2686438232841286,-1.2299039953656772,-1.1911641674472258,-1.1524243395287743,-1.1136845116103227,-1.0749446836918712,-1.0362048557734198,-0.9974650278549684,-0.9587251999365167,-0.9199853720180653,-0.8870996557152074,-0.9064916195257448,-0.9258835833362822,-0.9452755471468195,-0.9646675109573568,-0.9840594747678942,-1.0034514385784314,-1.022843402388969,-1.0422353661995063,-1.0616273300100436,-1.0439363246441222,0.24785550778262744,1.0021754601141672,0.9563525174707753,0.9105295748273834,0.8840420963405022,0.8822815329602204,0.8805209695799386,0.8787604061996569,0.876999842819375,0.8752392794390933,0.8734787160588116,0.8717181526785297,0.8699575892982483,0.8681970259179671,0.866436462537686,0.6860726339968185,0.33555498283104274,0.36319921360027324,0.39084344436950375,0.41848767513873425,0.08910831454523682,-0.170514028286045,-0.2258170585890758,-0.2811200888921066,-0.33642311919513734,,
fig7_S6,S6,,,0.0,1.719339622641511,4.245398773006134,7.616333732355731,9.8457877616357,9.843319179948088,9.840850598260475,9.838382016572863,9.83591343488525,9.833444853197637,9.830976271510025,9.828507689822413,9.8260391081348,9.823570526447188,9.821101944759576,9.818633363071964,9.812859090466452,9.806906709514072,9.80095432856169,9.79500194760931,9.78904956665693,9.553344509440244,9.258577067579779,8.363785016392375,7.766025835712405,7.202907023831218,6.860663570513923,6.546411234065324,5.554470502963941,5.0658612511911265,4.673845544384842,4.003065439672802,3.1214563026169664,3.0662532569316867,3.0110502112464075,2.955847165561128,2.8299311471068513,2.3074491327183635,1.7849671183298752,1.40963130450671,1.3636691051939949,1.3177069058812798,1.2016199711628177,0.9452835656328631,0.7192430552445787,0.727454734076696,0.7356664129088134,0.7328018737813311,0.7056130912915909,0.6784243088018507,0.6512355263121105,0.6240467438223702,0.5968579613326299,0.5696691788428898,0.5424803963531495,0.49955112123064965,0.4535889219179352,0.40762672260522076,0.3616645232925063,0.31570232397979187,0.2697401246670774,0.23284279092040563,0.197094230459753,0.16134566999910038,0.1255971095384478,0.08984854907779519,0.06853998944581213,0.05856208739836914,0.048584185350926144,0.038606283303483147,0.028628381256040156,0.018650479208597158,0.00867257716115416,-0.0013053248862888306,-0.011283226933731835,-0.021261128981174826,-0.031239031028617817,-0.04121693307606082,-0.05119483512350381,-0.06117273717094682,-0.0711506392183898,-0.0811285412658328,-0.0911064433132758,-0.10108434536071881,-0.11106224740816178,-0.12104014945560479,-0.1310180515030478,-0.14099595355049077,-0.15097385559793378,-0.16095175764537678,-0.17092965969281976,-0.1809075617402628,-0.19088546378770577,-0.20086336583514874,-0.21084126788259178,-0.22081916993003475,-0.23079707197747773,-0.24077497402492076,-0.25075287607236374,-0.2607307781198067,-0.27070868016724975,-0.2806865822146927,-0.2906644842621357,-0.30064238630957874,-0.3106202883570217,-0.3205981904044647,-0.3305760924519077,-0.3405539944993507,-0.3505318965467937,-0.3605097985942367,-0.3704877006416797,-0.3796012269938639,-0.38555360794624477,-0.3915059888986256,-0.39745836985100647,-0.40341075080338734,-0.4093631317557682,-0.41531551270814904,-0.4212678936605299,-0.4272202746129108,-0.43317265556529166,0.8009543285617005,2.4120654396728134,3.601232106339466,2.9937321063394604,2.3051066767861776,0.8916572764074422,-0.14883199622463225,-0.26334248573512253,-0.37785297524561284,-0.49236346475610315,-0.578013925406562,-0.5839663063589432,-0.5899186873113244,-0.5958710682637054,-0.6018234492160865,-0.6077758301684677,,,,,,,,,,,
fig7_S7,S7,,,0.0,4.362728503723769,8.725457007447538,5.747058433228659,2.7392842924757845,0.5132035705430145,0.22759626799139704,0.26380194800550905,0.3000076280196211,0.3362133080337331,0.3724189880478451,0.4086246680619572,0.4448303480760692,0.4810360280901812,0.5172417081042933,0.5642956954432355,0.6153675743839669,0.6664394533246983,0.7175113322654297,0.7685832112061612,0.8196550901468926,0.870726969087624,0.9217988480283554,0.9728707269690868,1.0239426059098182,1.0466491310049582,1.0536671640966107,1.0606851971882632,1.0677032302799156,1.0747212633715681,1.0817392964632206,1.0887573295548731,1.0957753626465259,1.1049582989434488,1.135454334037088,1.1659503691307274,1.1964464042243665,1.2269424393180057,1.2574384744116451,1.2879345095052843,1.3184305445989237,1.348926579692563,1.3794226147862023,1.4329183176024625,1.4977772766807302,1.562636235758998,1.6274951948372656,1.6290632913673906,1.599136649153319,1.5692100069392474,1.539283364725176,1.5093567225111044,1.4794300802970328,1.4495034380829612,1.4195767958688896,1.3896501536548183,1.3605653873792636,1.3370187447474475,1.3134721021156313,1.2899254594838152,1.266378816851999,1.2428321742201829,1.2192855315883666,1.1966528903148577,1.1850834738158638,1.1735140573168696,1.1619446408178757,1.152218398311159,1.15532437980131,1.1584303612914608,1.1615363427816117,1.1646423242717625,1.1677483057619134,1.1708542872520642,1.1739602687422153,1.177066250232366,1.180172231722517,1.1832782132126678,1.1863841947028186,1.1894901761929697,1.1925961576831206,1.1957021391732714,1.1988081206634222,1.201914102153573,1.205020083643724,1.208126065133875,1.2112320466240258,1.2143380281141767,1.2174440096043275,1.2205499910944784,1.2236559725846292,1.2267619540747803,1.2298679355649311,1.232973917055082,1.2360798985452328,1.2391858800353837,1.2422918615255347,1.2453978430156856,1.2485038245058364,1.2516098059959873,1.254715787486138,1.2578217689762892,1.26092775046644,1.2640337319565909,1.2671397134467417,1.2702456949368925,1.2733516764270434,1.2764576579171945,1.2795636394073453,1.2826696208974961,1.285775602387647,1.2888815838777978,1.2478711588300584,1.2058564578611304,1.1638417568922026,1.1218270559232748,1.071954948623952,0.9941264173519921,0.9162978860800323,0.8384693548080724,0.7606408235361126,1.5705458205457887,2.7704847704847624,3.7748744319540597,2.8224866657702528,2.320257076453093,2.1200129908353706,1.9197689052176479,1.7195248195999253,1.5192807339822028,1.3989371001013944,1.2960910457676285,1.193244991433863,1.090398937100097,0.9875528827663314,0.8050117046179979,0.614066822728234,0.4231219408384702,0.23217705894870633,0.05205345009813651,-0.09738789068398668,-0.24682923146610986,,,,,,
fig7_S8,S8,,,0.0,3.976098776619857,7.952197553239714,9.82349606292726,9.505763231318605,9.167972099705887,8.573560584041193,8.308857752085034,8.16643677507354,8.024015798062045,8.01850353015754,8.119050612385657,8.219597694613773,8.282181662370151,8.098740103928593,7.915298545487034,7.724284244096688,7.532006311568059,7.339728379039431,7.153471348465526,6.994150030526918,6.834828712588309,6.675507394649701,6.561896133945092,6.718947415996374,6.875998698047656,7.033049980098938,7.11992407690629,7.064510880237488,7.073026039458143,7.132772936513388,7.192519833568632,7.252266730623877,7.3120136276791206,6.879555479257623,6.381472105994565,5.995897864201107,5.718848683873238,5.657648821110696,5.885003301163017,6.11235778121534,6.339712261267661,6.2384219319639875,6.119965938033791,6.001509944103594,4.985218873386068,4.336211781187496,4.267887356545305,4.504166350338182,4.74044534413106,4.969322566220522,5.162921245604235,5.356519924987948,5.546266411411783,5.687387540380816,5.828508669349848,5.850300775017153,5.299258469683005,4.426734600138689,3.6162072404506045,3.119408459962799,2.739557704435918,2.3818517024013315,2.659222369304731,3.148092340933649,3.255535537794095,3.2539431811061967,3.252350824418299,3.2507584677304004,3.2106260779101023,3.168934119808283,3.1272421617064636,3.0855502036046443,3.043858245502825,3.002166287401005,2.9604743292991857,2.9187823711973664,2.877090413095547,2.8353984549937277,2.7937064968919083,2.752014538790089,2.7103225806882696,2.66863062258645,2.6269386644846304,2.585246706382811,2.5435547482809917,2.5018627901791723,2.460170832077353,2.418478873975533,2.376786915873714,2.3350949577718945,2.293402999670075,2.2517110415682557,2.2100190834664364,2.168327125364617,2.1266351672627977,2.0849432091609783,2.0432512510591585,2.001559292957339,1.9598673348555198,1.9181753767537004,1.8764834186518808,1.8347914605500615,1.7930995024482421,1.7514075443464225,1.7097155862446032,1.6680236281427838,1.6263316700409645,1.5846397119391449,1.5429477538373255,1.5012557957355062,1.4595638376336868,1.5030857582742596,2.1643283618245523,2.0756999151425495,1.9623635124415055,1.8490271097404616,1.7057172595435068,1.4784532534038308,1.2511892472641548,1.127608489018028,1.2464867153582004,1.365364941698373,1.4842431680385455,1.3721330070222675,1.2233258901601556,0.990362739847774,0.7393194199005864,1.0043122804431805,1.3560746368655345,1.511970148737588,1.6624505163232195,1.624187629376117,1.1026692957558777,1.1010769390679798,1.0994845823800816,1.0978922256921837,1.0962998690042856,0.5872476281504014,-0.04937368704234002,-0.10767506560132767,-0.015094149249920613,0.09203550821470494,0.3505494401032531,0.6090633719918013,0.6377011428896341,0.6361087862017364,0.6345164295138386
fig7_S9,S9,,,0.0,2.2775319567354897,4.857940708100641,8.466495420308108,4.151019229832116,2.8988651562110395,2.686154637060352,2.731986711962194,2.777818786864036,2.823650861765878,2.8694829366677204,2.8989527971372153,2.8910993939958542,2.8832459908544927,2.8753925877131317,2.8675391845717706,2.8596857814304095,2.8518323782890485,2.8439789751476874,2.8379606895230727,2.833891638968202,2.829822588413331,2.82575353785846,2.82168448730359,2.817615436748719,2.813546386193848,2.8094773356389773,2.8054082850841064,2.801339234529236,2.797270183974365,2.7932011334194944,2.7891320828646236,2.8000809653440655,2.8170373521204115,2.833993738896758,2.8509501256731045,2.867906512449451,2.8848628992257974,2.9018192860021434,2.91877567277849,2.9357320595548364,2.952688446331183,2.8392178211655557,2.6267982070176457,2.414378592869735,2.201958978721825,2.1263485362870522,2.124141030768288,2.1219335252495246,2.1197260197307606,2.1175185142119965,2.1153110086932325,2.1131035031744685,2.1108959976557045,2.108688492136941,2.070545699637715,1.9731527759878082,1.8757598523379018,1.7783669286879953,1.6902370741345076,1.6547979370004549,1.619358799866402,1.5839196627323495,1.5484805255982967,1.5130413884642442,1.4776022513301914,1.4421631141961386,1.4403007501468172,1.4385817517768322,1.436862753406847,1.435143755036862,1.433424756666877,1.4317057582968917,1.4299867599269067,1.4282677615569215,1.4265487631869365,1.4248297648169514,1.4231107664469662,1.4213917680769812,1.4196727697069962,1.417953771337011,1.416234772967026,1.414515774597041,1.4127967762270557,1.4110777778570707,1.4093587794870857,1.4076397811171004,1.4059207827471154,1.4042017843771304,1.4024827860071452,1.4007637876371601,1.3990447892671751,1.39732579089719,1.3956067925272049,1.3938877941572199,1.3921687957872346,1.3904497974172496,1.3887307990472646,1.3870118006772794,1.3852928023072943,1.3835738039373093,1.381854805567324,1.380135807197339,1.378416808827354,1.3766978104573688,1.3748907243086568,1.3717921909477808,1.368693657586905,1.3655951242260291,1.3624965908651532,1.3593980575042774,1.3562995241434015,1.3532009907825258,1.3540073364186873,1.3597667898664154,1.3655262433141433,1.3712856967618712,1.3770451502095993,1.3828046036573272,1.388564057105055,1.3943235105527831,1.400082964000511,1.405842417448239,2.7521758375675462,5.2882711433996885,5.826520085565226,2.0363509523728354,1.3152990506711382,1.240069206258126,1.1648393618451136,1.0896095174321014,0.938991019603988,0.6616266413034595,0.38426226300293076,0.13064378569766444,0.10886982141472036,0.08709585713177628,0.06532189284883222,0.04354792856588814,0.021773964282944064,0.0,,,,,,,
