Figure,Subject,-2.0,-1.5,-1.0,-0.5,0.0,0.5,1.0,1.5,2.0,2.5,3.0,3.5,4.0,4.5,5.0,5.5,6.0,6.5,7.0,7.5,8.0,8.5,9.0,9.5,10.0,10.5,11.0,11.5,12.0,12.5,13.0,13.5,14.0,14.5,15.0,15.5,16.0,16.5,17.0,17.5,18.0,18.5,19.0,19.5,20.0,20.5,21.0,21.5,22.0,22.5,23.0,23.5,24.0,24.5,25.0,25.5,26.0,26.5,27.0,27.5,28.0,28.5,29.0,29.5,30.0,30.5,31.0,31.5,32.0,32.5,33.0,33.5,34.0,34.5,35.0,35.5,36.0,36.5,37.0,37.5,38.0,38.5,39.0,39.5,40.0,40.5,41.0,41.5,42.0,42.5,43.0,43.5,44.0,44.5,45.0,45.5,46.0,46.5,47.0,47.5,48.0,48.5,49.0,49.5,50.0,50.5,51.0,51.5,52.0,52.5,53.0,53.5,54.0,54.5,55.0,55.5,56.0,56.5,57.0,57.5,58.0,58.5,59.0,59.5,60.0,60.5,61.0,61.5,62.0,62.5,63.0,63.5,64.0,64.5,65.0,65.5,66.0,66.5,67.0,67.5,68.0,68.5,69.0,69.5,70.0,70.5,71.0,71.5,72.0,72.5,73.0,73.5,74.0,74.5,75.0,75.5
fig3_S1,S1,,,,,,10.031621906322048,7.2460621947513815,6.439965109357196,5.838456879968529,6.359675060892655,6.326117230181577,6.165916555417661,5.921897462338902,5.677878369260143,5.144830971611356,4.873439528188725,4.62242258011011,4.435628775551524,4.248834970992937,3.9917294165678316,3.7003828241036403,3.4172404697026075,3.1429753639408076,2.8919575730974603,2.6782197400873065,2.7138848247581207,2.872634785051396,2.1685866881953415,1.4759663211119909,0.7942598674944412,0.10430779704058227,0.25904237730136276,-0.09074211334768115,-0.09154038598416114,-0.09233865862064115,-0.09806597910930559,-0.10747544645610085,-0.11688491380289612,-0.12629438114969138,-0.1281643837551717,-0.12895791077637217,-0.11777633296532013,-0.10133750974152483,-0.08489868651772954,-0.06845986329393425,,,,,,,,,,,,,,,,,,,,,,,,,,,,,,,,,,,,,,,,,,,,,,,,,,,,,,,,,,,,,,,,,,,,,,,,,,,,,,,,,,,,,,,,,,,,,,,,,,,,,,,,,,,,,,,
fig3_S2,S2,,,,0.11191910704487744,0.12725189042336427,7.885378915023042,-2.1187686910227614,-4.7200049151728205,-4.384091467280945,-4.101773245345713,-4.006218690433675,-3.437440866562369,-2.8357218601900254,-2.2470986964050703,-1.6627820856003401,-1.093504192854304,-0.28848130251637094,0.4057706250000003,0.8816926335019676,1.282058007307476,1.6539654256591307,1.9751885906269573,2.226373768341737,2.269954868562688,2.6680194083708653,7.761716186350434,6.5235409730432075,1.8958881986453613,0.47053200796601247,0.08075528186082004,0.06349242869325197,0.04622957552568392,0.02896672235811587,0.011703869190547805,-0.002239454361357329,-0.009193849620525519,-0.016148244879693706,-0.023102640138861895,-0.030057035398030084,,,,,,,,,,,,,,,,,,,,,,,,,,,,,,,,,,,,,,,,,,,,,,,,,,,,,,,,,,,,,,,,,,,,,,,,,,,,,,,,,,,,,,,,,,,,,,,,,,,,,,,,,,,,,,,,,,,,,
fig3_S3,S3,,,,0.43887,0.43887,4.7886072417941214,9.694302648903854,9.556623770303407,9.41894489170296,8.407591965444622,6.4714706500328285,6.090493615248254,6.031123302677232,5.9434363343866705,5.777033002010916,5.610629669635163,5.442009659546062,5.239876512319457,5.037743365092851,4.8728153616697405,4.758108532244372,4.643401702819005,4.466232795800826,4.261351459254116,4.042259462422121,3.7792758268923166,3.300287202476252,2.7102302504596922,1.816602019672131,1.741028249180328,1.6654544786885246,1.2882124130460013,1.158020023454777,1.042076105486726,0.847881415221239,0.6725634839899415,0.4932028465411478,0.29737820666908255,0.21174483498740085,0.19896216885351517,0.18560624922475077,0.1689880853330789,0.15236992144140707,0.13575175754973523,,,,,,,,,,,,,,,,,,,,,,,,,,,,,,,,,,,,,,,,,,,,,,,,,,,,,,,,,,,,,,,,,,,,,,,,,,,,,,,,,,,,,,,,,,,,,,,,,,,,,,,,,,,,,,,,
fig3_S4,S4,,,,-0.5890339373542506,-0.5733725000000001,1.845125637057452,9.330773947424209,10.045790876375586,10.047383279096884,10.048975681818183,10.050568084539481,9.997667449855722,9.736693420057712,9.367150649102859,8.893062727272728,8.351944780863542,7.711631803382952,6.4593414207186886,5.064006983016513,3.4667472727272726,0.882414299342803,0.157255759947815,-0.17873575994781501,-0.033138128231834846,0.17393434782608688,3.5043591626033583,7.356275982192074,7.604662277400891,2.388133191117237,-0.038607500000001016,-0.14951013137794072,-0.15784673824800313,-0.16618334511806554,-0.26578238958377504,-0.30785715533855834,-0.27557525889759726,-0.2432933624566362,-0.30722405684838805,-0.4053026988249195,-0.2228660714285719,-0.04042944403222437,,,,,,,,,,,,,,,,,,,,,,,,,,,,,,,,,,,,,,,,,,,,,,,,,,,,,,,,,,,,,,,,,,,,,,,,,,,,,,,,,,,,,,,,,,,,,,,,,,,,,,,,,,,,,,,,,,,
fig3_S5,S5,,,,0.7430573450477505,0.7993501243135026,1.042552350532351,8.452212837428474,8.995938634580293,9.142707186891727,8.684840019595356,7.979795036221503,7.016548855123517,6.256918667014648,5.720874246820129,5.431750181913028,5.099191863285669,4.5957469964430215,4.057956195463793,3.411593826388365,2.7706632030075182,2.1707418880923237,1.500317270559116,0.6968031891294573,-0.0696529736308786,-0.5650698247105683,-0.8674008520699226,1.9375335881462514,1.7389088219927098,1.7575234121236778,1.5181073109826588,1.2892762255619779,1.3807109698195161,1.3458630353929213,1.448933605099778,1.3830616164933405,1.3530283101889493,1.260685459886772,1.2713771538024343,1.2820688477180964,0.7252379037135599,0.753162470076701,0.6556390843093964,0.699977499390155,0.6834348763865228,0.4294174660927475,0.39872044784516747,0.3057097079462942,0.40673432865205433,0.33001822417640125,0.22773763714108916,0.2090954266559593,0.19725264466240175,,,,,,,,,,,,,,,,,,,,,,,,,,,,,,,,,,,,,,,,,,,,,,,,,,,,,,,,,,,,,,,,,,,,,,,,,,,,,,,,,,,,,,,,,,,,,,,,,,,,,,,,
fig3_S6,S6,,,,0.22316160108931363,0.31764947238892527,7.90608550260858,9.936146954988573,9.948856583260651,9.961566211532729,9.974275839804807,9.986985468076885,9.999695096348963,10.01240472462104,10.02511435289312,10.037823981165197,10.044661791403943,10.047929072470328,10.051196353536714,10.054463634603099,10.057730915669485,10.060998196735872,10.064265477802257,9.922721485573025,9.699904845301093,9.477088205029164,9.254271564757234,7.7579104559884575,6.257086017454319,5.380738458835506,4.574136984555158,3.758282259424321,3.3078663970421256,2.631466063684069,2.188061837992984,1.3322802255317132,0.9936645145566594,0.828750717033716,0.753001658988985,0.321910215746638,0.379810331659043,0.30654109337251073,0.6225845443049406,0.3891905687556475,0.39245150296557263,0.47938403061452023,0.4294407484045639,0.3788234721555075,0.32820619590645106,0.18396878859731414,0.12538831688702154,,,,,,,,,,,,,,,,,,,,,,,,,,,,,,,,,,,,,,,,,,,,,,,,,,,,,,,,,,,,,,,,,,,,,,,,,,,,,,,,,,,,,,,,,,,,,,,,,,,,,,,,,,
fig3_S7,S7,,,,-0.11319317295597482,-0.010087827044025152,8.723293097866078,1.900546771479185,1.3665502020673945,1.3982541143606602,1.2186254797275753,0.9773635938483677,0.8261187155145493,0.8447361747054649,0.8633536338963804,0.8819710930872959,1.0232790394638869,1.126452490841339,1.1522277669114216,1.1780030429815045,1.2037783190515872,1.3262851932187085,1.5036869005651077,1.5626259597444996,1.6184726595315826,1.6743193593186656,1.9405494027003392,2.46178420051554,2.62295,2.62295,2.62295,2.62295,2.62295,2.636233468726743,2.6791942343371664,2.72215499994759,2.765115765558013,2.7799070012580644,2.765747299047959,2.7515875968378536,2.737427894627748,2.7232681924176427,2.7091084902075373,2.694948787997432,2.6728388084037786,2.6441176252171754,2.6153964420305726,2.5866752588439694,2.557954075657366,2.5292328924707634,2.5005117092841602,2.4274028033747066,2.334968405049373,2.2425340067240396,2.080610595930335,1.9072903723595456,1.7326523770784996,1.4980974086073153,1.26295210504311,1.019255992362866,0.775559879682622,0.4711613881781152,0.16090127038321167,-0.02484861620693525,0.12593781567140522,,,,,,,,,,,,,,,,,,,,,,,,,,,,,,,,,,,,,,,,,,,,,,,,,,,,,,,,,,,,,,,,,,,,,,,,,,,,,,,,,,,,,,,,,,,,
fig3_S8,S8,,,,0.21591347554473952,0.2561558328838265,9.851046404221126,9.852084619060486,9.411909280544652,8.479370684689066,7.066078151690782,6.090896028984616,5.467270061389107,5.004737774364836,5.249238770269552,5.582572002221189,5.915907961074048,6.204108816063736,6.335425690397887,6.4563203048853675,6.42610184371624,6.395883382547113,6.358254587712552,6.214658928479877,6.071063269247201,5.873707248186946,5.520633869863014,4.899499957568705,3.5863137918072274,1.4252836898197236,1.6765381197130846,1.198071927987233,0.9987401905046875,0.6645514888036399,0.505204877944717,0.45237489919498464,0.28853974400000004,0.289579744,,,,,,,,,,,,,,,,,,,,,,,,,,,,,,,,,,,,,,,,,,,,,,,,,,,,,,,,,,,,,,,,,,,,,,,,,,,,,,,,,,,,,,,,,,,,,,,,,,,,,,,,,,,,,,,,,,,,,,,
fig3_S9,S9,,,,2.013652009838739,3.4673520598216396,6.729301200422658,6.157412224134633,4.001447651981908,3.432834635379156,3.0312926582278483,2.77654582278481,2.698014979426975,2.605143325905789,2.522062108452593,2.497181478141095,2.472300847829597,2.447420217518099,2.422539587206601,2.397658956895103,2.414605795271026,2.527170842823029,2.5505307839768965,2.5588087235790575,2.567086663181218,2.575364602783379,2.547343469548132,2.0336242272802245,1.938659096692111,1.6878841448209718,1.3679770133361,1.3695850791300412,1.3711931449239823,0.8874295998724812,0.8651990576207351,0.8429685153689892,0.8478867301687969,0.8887077858815494,0.5409265039509893,0.5301746629744646,0.51942282199794,0.5086709810214153,0.49791914004489063,0.3873063399014772,,,,,,,,,,,,,,,,,,,,,,,,,,,,,,,,,,,,,,,,,,,,,,,,,,,,,,,,,,,,,,,,,,,,,,,,,,,,,,,,,,,,,,,,,,,,,,,,,,,,,,,,,,,,,,,,,
fig4_S1,S1,,,,2.1468420936837878,4.926381985551984,9.9325131423815,9.793643574189577,9.427923329882058,8.585335322319258,8.038780721060382,7.751579531524831,7.475560113073281,7.199540694621732,6.923521276170183,6.702738297426744,6.527695881110601,6.352653464794457,6.177611048478314,6.0028257467913395,5.840350027892966,5.677874308994593,5.515398590096219,5.352922871197846,5.190447152299472,5.027971433401099,4.839030868648297,4.644766308815855,4.450501748983415,4.256237189150974,4.061972629318533,3.8677080694860924,3.6734435096536515,3.4791789498212107,3.2429159783116908,2.9671738805964285,2.6914317828811662,2.415689685165904,2.139947587450642,1.8775767667432794,1.6332846572863198,1.38899254782936,1.200314313718,1.0159677443321806,0.8316211749463612,0.6885069272293928,0.5565974339307271,0.42468794063206144,0.33503307239177715,0.2791730824558084,0.2233130925198396,0.16745310258387083,0.12244038532337795,0.11514447434279923,0.10784856336222051,0.10055265238164181,0.09249114345880494,0.08304128823374571,0.07359143300868648,0.08754516556125223,0.15210109005294276,0.21665701454463326,0.008002637881873706,0.018993812355736578,0.02998498682959945,,,,,,,,,,,,,,,,,,,,,,,,,,,,,,,,,,,,,,,,,,,,,,,,,,,,,,,,,,,,,,,,,,,,,,,,,,,,,,,,,,,,,,,,,,,,
fig4_S2,S2,,,,-0.3258638758116106,-0.23415427438662353,6.2193182123326425,-2.1993174578784203,-2.7906066804890557,-1.7250890551203293,-1.3144043638224847,-1.1865767409325385,-1.057977622989563,-0.91569169700686,-0.7734057710241571,-0.6311198450414542,-0.5737943383643384,-0.5236363882063881,-0.3486284113456622,0.050175243092588806,0.23997787042875152,0.46873479071673047,0.8684496519962795,0.49407206431137946,0.11969447662647947,-0.10552489766809306,-0.2983068618152577,-0.33318935931640375,-0.36807185681754984,-0.3978107451558108,-0.4208065511176585,-0.4438023570795063,-0.21928770699441777,-0.3109626929777136,-0.4369013005346307,-0.3143492748953598,-0.24941296708834917,-0.23852641308300318,-0.22763985907765716,-0.21274019957494977,-0.19309255423361862,-0.17344490889228747,-0.1537972635509563,-0.13414961820962515,,,,,,,,,,,,,,,,,,,,,,,,,,,,,,,,,,,,,,,,,,,,,,,,,,,,,,,,,,,,,,,,,,,,,,,,,,,,,,,,,,,,,,,,,,,,,,,,,,,,,,,,,,,,,,,,,
fig4_S3,S3,,,,1.1042761251980986,3.1593474405705235,5.400136272961775,8.731098472391146,5.743465057531841,3.899785268849325,3.842278714631666,3.607828201469771,3.4105803855374113,3.256111592351299,3.101642799165186,2.947174005979073,2.792705212792961,2.629622725729238,2.4579664198174287,2.2863101139056194,2.1146538079938106,1.9770476289688652,1.8491137181967152,1.7211798074245652,1.6104743812443911,1.5149078408937944,1.4193364315520258,0.886742901569668,0.4756041275285226,0.09038552439371883,0.0633527235010245,0.31336798566148516,0.06212286783401938,-0.0051342684587828875,-0.011955041180815584,-0.01877581390284828,-0.025596586624880978,-0.03167740048413126,-0.027699007082660928,-0.023720613681190602,-0.019742220279720276,-0.01576382687824995,-0.011785433476779624,-0.007807040075309298,-0.0038286466738389723,-0.0004264577282737414,-0.01175636549324996,-0.023086273258226177,-0.034416181023202395,-0.04574608878817861,-0.05707599655315483,,,,,,,,,,,,,,,,,,,,,,,,,,,,,,,,,,,,,,,,,,,,,,,,,,,,,,,,,,,,,,,,,,,,,,,,,,,,,,,,,,,,,,,,,,,,,,,,,,,,,,,,,,
fig4_S4,S4,,,-0.4044929704338523,-0.4217445334388339,-0.36853552230763703,0.6486752952986448,9.792270677104923,9.866342979580557,9.922721810971579,9.882184247631637,9.18378654696693,8.28505537715138,7.824026994857763,6.849760448650801,5.798193919055247,4.18488524170616,3.0593799957166112,2.0319165723741235,1.2258722805397086,-0.03585331071138352,-0.17246353231864012,-0.30907375392589675,-0.4057414743035623,-0.4139439892638989,-0.4221465042242355,-0.4303490191845721,-0.4412046834841026,-0.4709215459889892,-0.5006384084938759,-0.5303552709987625,-0.5600721335036491,-0.5897889960085357,-0.6195058585134223,-0.649222721018309,-0.5762821503631583,-0.3991072673378179,-0.407045450457478,-0.414983633577138,-0.4229218166967981,-0.16660722459436533,,,,,,,,,,,,,,,,,,,,,,,,,,,,,,,,,,,,,,,,,,,,,,,,,,,,,,,,,,,,,,,,,,,,,,,,,,,,,,,,,,,,,,,,,,,,,,,,,,,,,,,,,,,,,,,,,,,,
fig4_S5,S5,,,,-0.1373631026785714,-0.10800748707706766,5.867696323345818,9.932352893922875,9.913343993212798,9.33051033695241,8.586846059172249,7.443392556565754,6.424506462295209,5.406564361785435,4.327864283476899,3.684037948271358,3.1306111434294177,2.551262532871287,2.4958902560821303,2.3132139849814073,1.8723758714763155,1.6863840387684532,1.490836353388595,1.2798575776553105,1.1782035213736,1.0591444470496711,0.9087700507839092,0.473619518164298,0.5967305801511569,0.38274630081814764,0.36412882533636415,0.2888718225349233,-0.10479342250427726,-0.26499404538945825,-0.35416095035055095,-0.13480195764773228,-0.05918256678647569,-0.05995221790362429,-0.060721933558782575,-0.061492771036403424,-0.062263608514024266,,,,,,,,,,,,,,,,,,,,,,,,,,,,,,,,,,,,,,,,,,,,,,,,,,,,,,,,,,,,,,,,,,,,,,,,,,,,,,,,,,,,,,,,,,,,,,,,,,,,,,,,,,,,,,,,,,,,
fig4_S6,S6,,,,0.5192826578047853,0.5526216233234589,5.402191575743785,9.42354200521292,10.013604030521545,10.018226028124838,10.02284802572813,10.027470023331423,10.032092020934716,10.036714018538008,10.041336016141301,10.045958013744594,10.050580011347886,10.05520200895118,10.059824006554473,10.064446004157766,10.069068001761059,10.073689999364351,10.078311996967644,10.082933994570936,10.087555992174229,10.092177989777522,10.096799987380816,9.927688189743009,9.639742256660725,9.265765313728647,8.930942719298246,8.200879110771202,7.351946722751606,6.5030143347320095,5.85756768912101,5.224594868099838,4.591622047078666,3.958649226057495,3.325676405036323,2.7076504425767283,2.1026094098676684,1.5687535173825344,1.189740109693878,0.8107267020052212,0.43171329431656447,0.4816895190941111,0.5572394789285053,0.3712148086878485,0.026567441254695522,0.01906010666008611,0.011552772065476696,0.004045437470867285,0.32188798255136647,0.3136280630071902,0.30536814346301394,0.2971082239188376,0.28884830437466136,0.2805883848304851,0.2723284652863088,0.2640685457421325,0.25580862619795625,0.24754870665377995,,,,,,,,,,,,,,,,,,,,,,,,,,,,,,,,,,,,,,,,,,,,,,,,,,,,,,,,,,,,,,,,,,,,,,,,,,,,,,,,,,,,,,,,,,,,,,,
fig4_S7,S7,,,,-0.4986473617686366,0.4382336956613578,9.470797117436373,6.130733555661051,4.257186053907677,3.3894865636514915,2.890252573926595,2.3910185842016984,2.127255143971511,1.9718540925894523,1.7837534029171618,1.5926439208776766,1.401534438838191,1.2104249567987058,1.073057078735135,0.9379377658654224,0.7827090994926719,0.6176160893461103,0.4525230791995488,0.27451225936599416,0.11148263367481279,0.20344662309857933,0.20143040065225942,-0.12819277962650005,-0.4578159599052595,-0.7470138829113191,-0.997733879224938,-1.2484538755385568,-1.090880398137908,-1.0151762321778028,-1.165284563181437,-1.3153928941850714,-1.4655012251887056,-1.0193507846999061,-0.5206465243080742,,,,,,,,,,,,,,,,,,,,,,,,,,,,,,,,,,,,,,,,,,,,,,,,,,,,,,,,,,,,,,,,,,,,,,,,,,,,,,,,,,,,,,,,,,,,,,,,,,,,,,,,,,,,,,,,,,,,,,
fig4_S8,S8,,,,,,8.782511358839052,8.569863669702745,6.902558269043575,5.606556415846093,4.881227469574112,4.559887768384113,4.872789879300261,5.185691990216409,5.500107966385549,5.823765016581268,6.147422066776986,6.425631524288568,6.403258479432233,5.93681041239794,5.932882550589463,5.99464979829439,6.056417045999315,5.988399844404963,5.48896130944415,4.989522774483337,4.616493732123529,4.317412600004606,3.866513596089794,3.3976138154296076,2.1163140289800952,0.9273886924924284,0.321006583899127,0.1950447345619141,0.10830354602021369,0.035316817969283876,,,,,,,,,,,,,,,,,,,,,,,,,,,,,,,,,,,,,,,,,,,,,,,,,,,,,,,,,,,,,,,,,,,,,,,,,,,,,,,,,,,,,,,,,,,,,,,,,,,,,,,,,,,,,,,,,,,,,,,,,
fig4_s9,S9,,,1.1175651151409514,1.1846552502262595,1.2517453853115679,8.822303893641537,6.922831660148976,4.6865525322820245,3.979166709709366,3.6016036208956406,3.306743731081303,3.0118838412669655,2.7827604102012597,2.7338281625441696,2.6848959148870795,2.6359636672299893,2.5870314195728987,2.5380991719158086,2.5159861443490055,2.516776207660596,2.517566270972186,2.5183563342837765,2.519146397595367,2.5199364609069574,2.5207285907594126,2.5215209327073382,2.522313274655264,2.2117360991620125,1.0804937139659052,1.1191705084877652,1.157847303009625,1.196524097531485,0.7977772175560888,0.8889715572505998,0.9721810113350684,0.7287196255458035,0.439090809083862,0.09555680555298816,0.10122255411575505,0.10688830267852192,0.11255405124128881,0.11821979980405568,0.12388554836682256,0.12955129692958944,,,,,,,,,,,,,,,,,,,,,,,,,,,,,,,,,,,,,,,,,,,,,,,,,,,,,,,,,,,,,,,,,,,,,,,,,,,,,,,,,,,,,,,,,,,,,,,,,,,,,,,,,,,,,,,,
fig5_S1,S1,,,,0.5850339690426142,0.5664022090579017,5.24457449563713,7.794256577443304,8.421565581663838,7.941751347683477,8.139358417847752,7.647993696322263,7.156628974796773,6.6575569253158875,6.1488793686329455,5.979181829143163,5.818275957860294,5.6573700865774255,5.496464215294557,5.203539222400807,4.865421719113213,4.527304215825618,4.189186712538023,3.89059448733937,3.7258334668980098,3.56107244645665,4.953251220636664,4.944447528029633,0.4360355204968682,0.7831071923333301,0.8468576391371132,0.9033287356594132,0.8765850218281499,0.8498413079968865,0.6235119329020943,0.3182195934029791,0.0639627098625856,0.07246436912590103,0.08096602838921645,0.08946768765253185,0.09796934691584727,,,,,,,,,,,,,,,,,,,,,,,,,,,,,,,,,,,,,,,,,,,,,,,,,,,,,,,,,,,,,,,,,,,,,,,,,,,,,,,,,,,,,,,,,,,,,,,,,,,,,,,,,,,,,,,,,,,,
fig5_S2,S2,,,,-0.019979938853247795,0.003354635553900788,9.652506854258403,2.3605074822790244,-1.838210367877651,-2.634711915761958,-2.552947715291582,-2.4711835148212065,-2.3894193143508304,-2.307655113880455,-2.225890913410079,-2.144126712939703,-2.0623625124693272,-1.9805983119989514,-1.8988341115285756,-1.8170699110581998,-1.735305710587824,-1.6535415101174482,-1.5717773096470724,-1.4900131091766966,-1.4082489087063208,-1.3264847082359452,2.5582513961980498,6.166487282569005,4.535442066875108,3.843030009451119,3.9869655175997774,3.6032522415465627,3.219538965493348,2.9758661879497366,2.9108033590376974,2.8457405301256578,2.495081978032993,2.028979324124485,1.6859855120081297,1.3429916998917744,1.2135945414471965,1.1283560192760285,0.6995409695647866,0.39388879604768556,0.13387442063056476,0.03910450354419499,0.05524592041012124,-0.09820588604241508,-0.09195845764561346,-0.050944426868980305,-0.05292964576352313,-0.09905035129064323,-0.14517105681776332,-0.16336371378147266,-0.0904593231467667,-0.017554932512060722,0.055349458122645245,0.02654112643507888,-0.029373250277757154,-0.06166236709268644,0.08415854365803879,0.11088871392810815,0.13761888419817747,,,,,,,,,,,,,,,,,,,,,,,,,,,,,,,,,,,,,,,,,,,,,,,,,,,,,,,,,,,,,,,,,,,,,,,,,,,,,,,,,,,,,,,,,,,,,,
fig5_S3,S3,,,,0.47620337034638044,0.49862710804725335,6.137020108811041,7.343090570241838,2.90815723190486,2.3489130671146414,2.2442976715828014,2.1396822760509613,2.035066880519121,1.9304514849872811,1.8382338993573062,1.7810687866709392,1.7239036739845723,1.6667385612982053,1.6095734486118385,1.5524083359254714,1.4952432232391046,1.4380781105527376,1.3824562299708878,1.3279326429161615,1.2734090558614353,1.218885468806709,1.1643618817519825,1.079749817349063,0.9507977007633586,0.8218455841776542,0.6928934675919498,0.6392265799607418,0.6041744196643214,0.569122259367901,0.5340700990714805,0.45824217756199076,0.27084838529564803,0.08345459302930519,0.07494055808022065,0.07371307236973282,0.07248558665924498,0.07125810094875713,0.07003057860848075,0.06880284224937819,0.06757510589027563,0.06634736953117307,0.0651196331720705,0.06389189681296795,0.06266416045386539,0.06143888050505893,0.06021403404042239,0.05898918757578584,0.05776434111114929,,,,,,,,,,,,,,,,,,,,,,,,,,,,,,,,,,,,,,,,,,,,,,,,,,,,,,,,,,,,,,,,,,,,,,,,,,,,,,,,,,,,,,,,,,,,,,,,,,,,,,,,
fig5_S4,S4,,,,0.008668837951163366,0.023315717832771525,0.03796259771437969,1.8923119052105737,3.321428739614995,2.8138809836578798,0.8311770162960296,0.10436984411653794,0.08181742995528696,0.059265015794035966,0.03671260163278499,0.022389277040093802,0.029867844444275253,0.037346411848456704,0.04482497925263815,0.052303546656819605,0.05976416860275403,0.06636046175683613,0.07295675491091823,0.07955304806500033,0.08614934121908242,0.09274563437316452,0.09934192752724662,5.766417882680748,9.505360542894852,7.81516076544481,5.158751169069191,1.1448895882269723,0.3465602318465014,0.10714561001706138,0.09801085715020129,0.0888761042833412,0.0797413514164811,0.07060659854962101,0.061471845682760914,0.05233709281590082,0.05846770598352681,0.06532868423396879,0.07218966248441076,0.07905064073485274,0.0859116189852947,0.09274163689106861,0.09933795156937794,0.10593426624768729,0.11253058092599662,0.11912689560430595,0.1257232102826153,0.1323195249609246,,,,,,,,,,,,,,,,,,,,,,,,,,,,,,,,,,,,,,,,,,,,,,,,,,,,,,,,,,,,,,,,,,,,,,,,,,,,,,,,,,,,,,,,,,,,,,,,,,,,,,,,,
fig5_S5,S5,,,,-0.3836260440736776,-0.3980450393119486,6.098460336915207,10.084257141346265,10.102733323683058,9.347797284999835,8.376647839048148,6.8033565522943364,3.702454749159716,1.358566709380272,0.40919489967283584,-0.2636504991797737,-0.8522291981260186,-1.7391241039306153,-2.784673748084236,-3.7965883760004537,-4.60036371222545,-5.23093115858941,-5.696667307966404,-5.982630716050219,-6.078266354811521,-6.2339979084946915,-3.253620947849552,0.6606576732615328,0.012974043167912983,0.013800200732683735,0.014626358297454489,0.015452515862225243,0.016278673426995995,0.01710483099176675,0.017930988556537502,0.018757146121308257,,,,,,,,,,,,,,,,,,,,,,,,,,,,,,,,,,,,,,,,,,,,,,,,,,,,,,,,,,,,,,,,,,,,,,,,,,,,,,,,,,,,,,,,,,,,,,,,,,,,,,,,,,,,,,,,,,,,,,,,,
fig5_S6,S6,,,,0.4741562842046956,0.4859846535429716,7.451097324545407,10.045714156370124,10.038652339872613,10.031590523375101,10.02452870687759,10.01746689038008,10.010405073882568,10.003343257385056,9.996281440887545,9.989219624390033,9.982157807892522,9.975095991395012,9.9680341748975,9.960972358399989,9.953910541902477,9.946848725404966,9.939786908907454,9.932725092409942,9.504989044155087,8.791742517640213,7.9994626711831245,6.634341186385401,5.269219701587678,3.8897019024621495,3.0702164898932947,2.4460841930423367,1.8219518961913788,1.1978195993404208,0.8079263497203785,0.5385783232777878,0.5238749583930056,0.5091715935082233,0.4944682286234411,0.47976486373865884,0.3665368461352224,0.09222876428620898,0.1241659342714499,0.15610310425669083,0.18804027424193176,,,,,,,,,,,,,,,,,,,,,,,,,,,,,,,,,,,,,,,,,,,,,,,,,,,,,,,,,,,,,,,,,,,,,,,,,,,,,,,,,,,,,,,,,,,,,,,,,,,,,,,,,,,,,,,,
fig5_S7,S7,,,,0.3356952718597793,0.299,7.90540650216192,4.493051251428856,2.4976796007735125,2.29236,2.29236,2.29236,2.29236,2.29236,2.3037546287674657,2.317142748574146,2.330530868380826,2.3439189881875064,2.3573071079941865,2.3706952278008666,2.384083347607547,2.4139433522937046,2.467858695994385,2.521774039695065,2.5756893833957455,2.629604727096426,3.563292579768727,4.907993740661686,4.751565214074958,4.414622418846384,4.473980779527733,3.543508295037402,3.4974283497766967,3.4513484045159917,3.4052684592552867,3.3591885139945816,3.211645651746291,3.0550049388688247,2.871539624046033,2.697251129671203,2.5603261356109717,2.4234011415507397,2.286476147490508,2.132358364007457,1.7580950289364634,1.3838316938654698,1.0095683587944764,0.6353050237234827,0.3480750984056302,0.1334240904934197,-0.08122691741879084,-0.29587792533100143,-0.2891568184775536,-0.2237415980454728,-0.3627871443817813,-0.34883528295947785,-0.21162891078845536,-0.1408631754055878,-0.07009744002272017,-0.025690041085256684,-0.009965937103584097,,,,,,,,,,,,,,,,,,,,,,,,,,,,,,,,,,,,,,,,,,,,,,,,,,,,,,,,,,,,,,,,,,,,,,,,,,,,,,,,,,,,,,,,,,,,,,,,
fig5_S8,S8,,,,0.4107607300647307,0.40914946898439175,10.072099756233614,9.748206310896622,8.258436415183802,6.660177995496549,5.397668223542225,4.135158451587902,4.357790623912138,5.077796262410826,5.797801900909514,6.22871034068726,6.353669876104806,6.431312803192856,6.450423364673005,6.469533926153154,6.488644487633303,6.507755049113452,6.526865610593601,6.439949324544492,5.97847404825264,5.337081570847389,4.554911857778834,3.6342078748738658,2.502092541118421,1.3539416388634282,1.4121058930375232,1.0069190191553838,0.617042881712541,0.4936141314832597,0.374716127775214,0.273859849253961,0.18127752969667127,0.11346157928005579,0.04564562886344034,,,,,,,,,,,,,,,,,,,,,,,,,,,,,,,,,,,,,,,,,,,,,,,,,,,,,,,,,,,,,,,,,,,,,,,,,,,,,,,,,,,,,,,,,,,,,,,,,,,,,,,,,,,,,,,,,,,,,,
fig5_S9,S9,,,,1.176226062466631,1.2036761759209824,8.249232890656598,8.232222796096906,6.376256757448552,4.966042098492236,4.184385554172178,3.6879585575700986,3.4702346666181167,3.267300576707078,3.2311065771007748,3.194912577494471,3.1587185778881675,3.141315307681205,3.1357081645376765,3.130101021394148,3.1244938782506195,3.118886735107091,3.112205742129698,3.1048833483171205,3.0975609545045435,3.090238560691966,2.7051505311042874,2.6463938912594633,1.6302376627666912,1.3948407038339388,1.1453086881826664,1.1811778357758385,1.1945860079650834,1.1399013118075414,0.8271379834027649,0.8430788172455793,0.8590196510883937,0.8749604849312083,0.8909013187740227,0.6228123315537197,,,,,,,,,,,,,,,,,,,,,,,,,,,,,,,,,,,,,,,,,,,,,,,,,,,,,,,,,,,,,,,,,,,,,,,,,,,,,,,,,,,,,,,,,,,,,,,,,,,,,,,,,,,,,,,,,,,,,
fig6_S1,S1,,,,0.3343156130765239,0.3738748450901987,8.844928226393412,9.084703890214795,8.191124540411096,7.802898637397725,7.414672734384355,7.029888878738043,6.661195647198165,6.292502415658287,5.905218419548053,5.501120951538252,5.1025315815126495,4.730020866480243,4.202392962530905,3.5156240948578827,2.7356521756225427,2.340539601149275,1.438166764502763,0.9317642648649548,0.7948043410041843,,,,,,,,,,,,,,,,,,,,,,,,,,,,,,,,,,,,,,,,,,,,,,,,,,,,,,,,,,,,,,,,,,,,,,,,,,,,,,,,,,,,,,,,,,,,,,,,,,,,,,,,,,,,,,,,,,,,,,,,,,,,,,,,,,,,
fig6_S2,S2,,,,0.015485113318378395,3.156029904460742,2.4610916578014175,-4.960165945334115,2.5574883375883153,1.4465335613964692,0.5129503849423193,0.4853685985527451,0.5072703745785413,0.3506072924747865,0.15552317615817188,0.25224768004448994,0.31441138996138995,0.3124825493211388,0.3172153552421232,0.26095810387762364,0.12832226602895602,0.22536833653157012,,,,,,,,,,,,,,,,,,,,,,,,,,,,,,,,,,,,,,,,,,,,,,,,,,,,,,,,,,,,,,,,,,,,,,,,,,,,,,,,,,,,,,,,,,,,,,,,,,,,,,,,,,,,,,,,,,,,,,,,,,,,,,,,,,,,,,,
fig6_S3,S3,,,,0.18780123891066638,0.24705939545685465,8.600631566703592,9.595782991117918,3.1158571231634316,0.5073450558349503,0.4822440777333386,0.4557443808579668,0.4264770773251622,0.45079558195156266,0.5171557467591197,0.3949811108558503,,,,,,,,,,,,,,,,,,,,,,,,,,,,,,,,,,,,,,,,,,,,,,,,,,,,,,,,,,,,,,,,,,,,,,,,,,,,,,,,,,,,,,,,,,,,,,,,,,,,,,,,,,,,,,,,,,,,,,,,,,,,,,,,,,,,,,,,,,,,,
fig6_S4,S4,,,,-0.41650452262367044,-0.3997451451202105,0.6747174932894628,10.007863843049098,10.009805293005671,9.823495276149337,6.955924406285901,3.2733439431274083,1.4363985909993384,-0.37323772047099224,-0.3953141064140896,-0.4103181438641671,-0.3935883569893412,-0.38002191420863907,-0.4125544689661297,-0.439325825599477,-0.45276639293602605,-0.4618606397188992,-0.4599160015557105,-0.17847329725706354,-0.1765320184270612,,,,,,,,,,,,,,,,,,,,,,,,,,,,,,,,,,,,,,,,,,,,,,,,,,,,,,,,,,,,,,,,,,,,,,,,,,,,,,,,,,,,,,,,,,,,,,,,,,,,,,,,,,,,,,,,,,,,,,,,,,,,,,,,,,,,
fig6_S5,S5,,,0.08252435861537923,0.0876606856602849,0.09279701270519058,9.609292176439514,9.842850060974884,7.343488640343347,1.1631312439257007,-0.22207183601036698,-0.27414781101739577,-0.0033532222042398085,0.06498081024311762,0.056840301818051935,0.061977757021585644,0.09360447615792171,0.1375296910990884,0.16573868399106878,0.20773152825975844,0.39684668663218076,0.09280120063569097,0.09793628496727559,0.10409941274732575,0.12344969962959507,,,,,,,,,,,,,,,,,,,,,,,,,,,,,,,,,,,,,,,,,,,,,,,,,,,,,,,,,,,,,,,,,,,,,,,,,,,,,,,,,,,,,,,,,,,,,,,,,,,,,,,,,,,,,,,,,,,,,,,,,,,,,,,,,,,,
fig6_S6,S6,,,,0.07912964311726148,0.2768767016403133,9.863245347905218,9.893179546918203,0.47523669425151477,0.24666014134459918,0.4052057410222306,0.33311875475549785,0.3600124481148124,0.4943929995305899,0.40822279418432433,0.49590890997932724,0.4720501838022872,0.49211472173467496,0.23809860333473903,0.26611787215752425,0.27314438902743143,0.5650610888990484,,,,,,,,,,,,,,,,,,,,,,,,,,,,,,,,,,,,,,,,,,,,,,,,,,,,,,,,,,,,,,,,,,,,,,,,,,,,,,,,,,,,,,,,,,,,,,,,,,,,,,,,,,,,,,,,,,,,,,,,,,,,,,,,,,,,,,,
fig6_S7,S7,,,,-0.07132831911792949,0.0161021834442142,5.74572211844235,0.29742412563443393,0.523368774347101,0.597567335727999,0.6689256431992338,0.4752107937836222,0.07717605259792848,-0.5892171611546222,-0.5408374099879986,-0.3312455666630448,-0.5060278718946423,-0.281984402637525,-0.06300521424152312,-0.07836234997106192,-0.09371948570060072,-0.10907662143013952,-0.11327282385753032,-0.11746657033928663,-0.12166031682104293,,,,,,,,,,,,,,,,,,,,,,,,,,,,,,,,,,,,,,,,,,,,,,,,,,,,,,,,,,,,,,,,,,,,,,,,,,,,,,,,,,,,,,,,,,,,,,,,,,,,,,,,,,,,,,,,,,,,,,,,,,,,,,,,,,,,
fig6_S8,S8,,,,0.21024279585865407,2.061385952313503,9.547856121698752,7.831508725410667,5.9332279255580085,5.021024683016554,4.382837323861613,4.662927758186398,5.2052298629022316,5.816384748022042,6.029336922538349,6.045657525919935,5.862697558269309,5.383994348292234,4.928805264068476,4.478081053724605,3.5261989929642086,1.8493042578024248,0.6356632000111493,0.25766902558403487,0.26910511910087226,,,,,,,,,,,,,,,,,,,,,,,,,,,,,,,,,,,,,,,,,,,,,,,,,,,,,,,,,,,,,,,,,,,,,,,,,,,,,,,,,,,,,,,,,,,,,,,,,,,,,,,,,,,,,,,,,,,,,,,,,,,,,,,,,,,,
fig6_S9,S9,,,,1.1261487367128202,1.1558996490328965,6.812935906502636,2.6501034221689017,1.4432954693682447,1.1510551038798498,1.1694218122653317,1.066413528582096,0.9207638322695104,0.7742528391418776,0.6834102525110413,0.46367432734161473,0.44290094734710994,0.16511391561319982,0.199344747988836,0.21463860591080766,0.2037771093654406,0.19291561282007358,0.20792652961500058,0.22378776369853934,,,,,,,,,,,,,,,,,,,,,,,,,,,,,,,,,,,,,,,,,,,,,,,,,,,,,,,,,,,,,,,,,,,,,,,,,,,,,,,,,,,,,,,,,,,,,,,,,,,,,,,,,,,,,,,,,,,,,,,,,,,,,,,,,,,,,
fig7_S1,S1,,,,0.045555212162447935,0.04713666139516923,8.489397995255697,9.672775396893504,9.255988848127105,8.459438372323955,8.187514193480764,7.915590014637573,7.6436658357943825,7.371741656951192,7.1816243821371435,7.1832104140232795,7.17263273161397,7.07601341637072,6.979394101127469,6.8827747858842185,6.786155470640968,6.689536155397717,6.572929989334412,6.414481648476936,6.27197162277266,6.221185502620401,6.15425399588088,6.055321556806746,5.956389117732612,5.857456678658477,5.758524239584343,5.659591800510209,5.5518848812221515,5.428129311521324,5.304373741820497,5.180618172119669,5.056862602418842,4.933107032718014,4.809351463017187,4.674366220225325,4.51106676331049,4.347767306395655,4.183237743070453,3.961749714236677,3.7402616854029005,3.5187736565691243,3.3879901610049323,3.286117763543416,3.1842453660819,3.082372968620384,2.9805005711588675,2.773381455549781,2.5497013661439456,2.32602127673811,2.1023411873322746,1.878661097926439,1.699628088591336,1.658389483619679,1.6171508786480224,1.5759122736763655,1.5346736687047087,1.493435063733052,1.4521964587613951,1.4109578537897383,1.3697192488180816,1.3284806438464247,1.2964218813377537,1.2695839328198129,1.2427459843018722,1.2159080357839316,1.1890700872659907,1.16223213874805,1.1353941902301092,1.1085562417121686,1.1547267595001887,1.2145046210498252,1.2313771910627465,1.226894790905106,1.2224123907474653,1.2179299905898249,1.2134475904321844,1.2089651902745437,1.2044827901169033,1.2000003899592628,1.1955179898016222,1.1910355896439817,1.186553189486341,1.1820707893287006,1.1775883891710601,1.1731059890134194,1.168623588855779,1.1641411886981385,1.1596587885404979,1.1551763883828574,1.1506939882252167,1.1462115880675763,1.1417291879099358,1.1372467877522952,1.1327643875946547,1.1282819874370142,1.1237995872793736,1.1193171871217331,1.1148347869640924,1.110352386806452,1.1058699866488115,1.1013875864911709,1.0969051863335304,1.0924227861758897,1.0879403860182493,1.0834579858606088,1.0789755857029681,1.0744931855453277,1.0700107853876872,1.0655283852300466,1.061045985072406,1.0565635849147657,1.05463543725897,1.053052433784317,1.051469430309664,1.0498864268350112,1.0483034233603583,1.0467204198857054,1.053380244155276,1.06564049565883,1.0779007471623838,1.0901609986659375,1.1300258823529472,4.428664957012366,3.7299210434801298,1.7924751060433448,0.9647209186773603,0.4740384019853766,0.13447794017175133,0.10608375287212202,0.07768956557249272,0.04929537827286343,0.02090119097323412,-0.00749299632639519,-0.02881037486898881,-0.04056655784963664,-0.052322740830284466,-0.06407892381093229,-0.07583510679158012,-0.08759128977222794,-0.09934747275287577,-0.11110365573352358,-0.12285983871417142,-0.13549839982945996,-0.15663360209838165,-0.17776880436730336,-0.19890400663622504,,,,,,
fig7_S2,S2,,,,,,6.592630477298674,0.1628525535521277,-3.831460325625659,-4.842706642490131,-4.690833500618906,-4.801151284807667,-4.767735924103095,-4.734320563398524,-4.563596554824562,-4.428356290370773,-4.602497265516773,-4.681117200035128,-4.3332265775536145,-4.102557092949824,-3.871887608346033,-3.6412181237422425,-3.410548639138452,-3.2005925856527444,-3.010679921162454,-2.6969950621221677,-2.0348890584962667,-1.6977304196536291,-1.1714490440802907,-0.882630993574737,-0.5021886446198867,-0.29856760136180766,0.051097754685062224,0.4754886416064324,1.0478032943564881,1.2822290881315244,1.3412441101371257,1.4002591321427271,1.7829477645852907,2.0925332891885864,2.1329254849393857,2.173317680690185,2.2137098764409844,2.2932506201550384,2.4948010077519376,2.514785953181034,2.5278418407905954,2.5408977284001573,2.5539536160097187,2.5670095036192806,2.5499622266629025,2.5266115102936295,2.5032607939243565,2.479910077555083,2.425710741308504,2.363233877258613,2.300757013208722,2.2382801491588316,2.11612561693272,1.749201920027909,1.5083526882875047,1.3616246131161744,1.044993801068392,0.8842459265668497,0.7234980520653076,0.4694128735694528,0.220414533649454,0.09855217666507152,0.009494072589311581,0.020045750111357192,0.0305974276334028,0.0411491051554484,0.05170078267749401,0.06225246019953962,0.07280413772158523,0.06528288814812773,0.05397990873936277,0.042676929330597815,0.03137394992183286,0.0200709705130679,0.008767991104302944,-0.002534988304462013,-0.01383796771322697,-0.02514094712199194,-0.0364439265307569,-0.047746905939521855,-0.05904988534828681,-0.07035286475705177,-0.08165584416581673,-0.09295882357458168,-0.10426180298334664,-0.1155647823921116,-0.12686776180087656,-0.1381707412096415,-0.14947372061840647,-0.16077670002717145,-0.1720796794359364,-0.18338265884470137,-0.19468563825346633,-0.20598861766223128,-0.21729159707099624,-0.2285945764797612,-0.23989755588852615,-0.25120053529729114,-0.26250351470605604,-0.27380649411482105,-0.28510947352358595,-0.29641245293235097,-0.30771543234111587,-0.3190184117498809,-0.3303213911586458,-0.3416243705674108,-0.3529273499761757,-0.3642303293849407,-0.3755333087937056,-0.3891239271719635,-0.41209377199021924,-0.435063616808475,-0.45803346162673075,-0.4810033064449865,-0.5039731512632423,-0.526942996081498,-0.5464443793072864,-0.5441449425251674,-0.5418455057430485,-0.5395460689609296,-0.5372466321788106,1.5936160480416164,2.4583103500783197,2.161607133437761,1.8649039167972021,0.4445677980364677,-0.01628127746692326,-0.33427589999898033,-0.5842784500045886,-0.7060730769165391,-0.6291480384540196,-0.5554285807717729,-0.5602368615410979,-0.5650451423104228,-0.5698534230797477,-0.5746617038490727,-0.5789924533133675,-0.5803217066527774,-0.5816509599921873,-0.5829802133315972,-0.5843094666710071,-0.5856387200104171,-0.586967973349827,-0.5882972266892369,-0.5896264800286468,-0.5909557333680567,,,,,
fig7_S3,S3,,,0.21796815749764914,0.13513354971097002,0.05229894192429088,9.570212417913481,9.54717828951381,9.52414416111414,8.683473806946632,7.746478781029578,6.848793515506547,6.506122522338086,6.5149256764163965,6.523728830494707,6.523645845346265,6.46996735671081,6.416288868075355,6.3626103794399,6.323471468200003,6.307139063494369,6.2908066587887355,6.246016621851279,6.15058250424865,6.1210772116333505,6.111151673558269,6.096790372884273,6.072949153422209,6.049107933960145,6.025266714498081,6.001425495036018,5.977584275573953,5.95374305611189,5.929901836649826,5.906060617187761,5.856126510278272,5.804832964152389,5.782726362158774,5.7901874342232995,5.797648506287826,5.805109578352352,5.7650469341404715,5.719193240026256,5.6797283695708325,5.676700950150216,5.673673530729599,5.670646111308982,5.667618691888365,5.664591272467748,5.661563853047131,5.658536433626514,5.633627883987428,5.60301039771546,5.572392911443492,5.541775425171524,5.511157938899556,5.496515356180069,5.483906689551058,5.471298022922047,5.4586893562930365,5.437192344596546,5.415624736440825,5.3940571282851035,5.330964808323773,5.230977665862246,5.175558815991444,5.163415201972688,5.151271587953931,5.1391279739351745,5.127120721427443,5.115268353694515,5.103415985961586,5.091563618228657,5.07971125049573,5.067858882762801,5.050768634029339,5.019167073171708,4.987565512314077,4.955963951456447,4.924362390598816,4.892760829741185,4.861159268883554,4.8295577080259235,4.797956147168293,4.766354586310662,4.734753025453031,4.7031514645954005,4.67154990373777,4.639948342880139,4.608346782022508,4.576745221164877,4.545143660307247,4.513542099449616,4.481940538591985,4.450338977734354,4.418737416876723,4.387135856019092,4.355534295161461,4.32393273430383,4.2923311734461995,4.260729612588569,4.229128051730938,4.197526490873307,4.165924930015676,4.134323369158046,4.102721808300415,4.071120247442784,4.039518686585153,4.007917125727523,3.976315564869892,3.944714004012261,3.9131124431546302,3.8815108822969995,3.8499093214393687,3.818307760581738,3.7931550637928027,3.7825117872013254,3.771868510609848,3.761225234018371,3.7505819574268937,3.7399386808354165,3.7026018417551754,3.6630406355273024,3.6234794292994295,3.5839182230715565,3.5505298700004335,3.5310299350002166,1.10412,0.91409555997556,0.7240711199511201,0.5340466799266801,0.23229323228490317,0.22215676771509682,0.2120203031452905,0.20188383857548414,0.1917473740056778,0.15840758906840144,0.04771938083648014,-0.06296882739544118,-0.11656475998033028,-0.10355344997541294,-0.0905421399704956,-0.07753082996557825,,,,,,,,,,,,,,
fig7_S4,S4,,,-0.40090170541366066,-0.3895028010842061,-0.3781038967547516,-0.0072136122860306795,6.3833175269246105,10.11839793186508,9.905636609613534,9.692875287361991,6.725040879878719,4.607208472994263,2.9323700920110545,1.3849946052631585,0.17082146447763724,0.0782239464791968,-0.014373571519243677,-0.10697108951768411,-0.11526878256116625,-0.11627786815379382,-0.11728695374642138,-0.11829603933904893,-0.1193051249316765,-0.16634244635193138,-0.2342569273565412,-0.2789290057346253,-0.2919228756179553,-0.30491674550128534,-0.3179106153846154,-0.3309044852679454,-0.3402858521250159,-0.34341488578153123,-0.3465439194380465,-0.34967295309456187,-0.35280198675107716,-0.3559310204075925,-0.3590600540641078,-0.3621890877206231,-0.3653181213771384,-0.3684471550336537,-0.37157618869016906,-0.37470522234668435,-0.37783425600319964,-0.380963289659715,-0.3844139205645209,-0.3925166202941968,-0.4006193200238728,-0.40872201975354877,-0.4168247194832247,-0.42492741921290067,-0.4330301189425766,-0.44113281867225257,-0.44923551840192855,-0.44949036674721743,-0.4424824468982061,-0.43547452704919476,-0.4284666072001834,-0.4214586873511721,-0.41445076750216076,-0.4074428476531494,-0.4004349278041381,-0.39342700795512675,-0.3864190881061154,-0.3794111682571041,-0.3744036835942687,-0.37846256605868933,-0.38252144852311,-0.38658033098753064,-0.3906392134519513,-0.39469809591637195,-0.39875697838079255,-0.4028158608452132,-0.40687474330963386,-0.4109336257740545,-0.41410457370376,-0.4144575524339772,-0.4148105311641944,-0.4151635098944116,-0.41551648862462875,-0.4158694673548459,-0.41622244608506315,-0.4165754248152803,-0.4169284035454975,-0.41728138227571465,-0.4176343610059318,-0.41798733973614904,-0.4183403184663662,-0.4186932971965834,-0.41904627592680055,-0.4193992546570178,-0.41975223338723494,-0.4201052121174521,-0.4204581908476693,-0.42081116957788645,-0.42116414830810367,-0.42151712703832084,-0.421870105768538,-0.4222230844987552,-0.4225760632289724,-0.42292904195918957,-0.42328202068940673,-0.4236349994196239,-0.4239879781498411,-0.4243409568800583,-0.42469393561027546,-0.42504691434049263,-0.4253998930707098,-0.425752871800927,-0.4261058505311442,-0.42645882926136136,-0.42681180799157853,-0.42716478672179575,-0.4275177654520129,-0.4278707441822301,-0.42813,-0.42813,-0.42813,-0.42813,-0.42813,-0.42813,-0.42813,-0.42813,-0.42813,-0.42813,-0.42813,1.0181593809064347,1.4696502617801226,5.676583895727715,1.9498202567614187,-0.3706476322287755,-0.4893,-0.4893,-0.4893,-0.4893,-0.4893,-0.4893,-0.4893,-0.48474556838564103,-0.4315768593690693,-0.37840815035249764,-0.32523944133592597,-0.2720707323193543,-0.21890202330278263,-0.16573331428621096,,,,,,,,,,,,
fig7_S5,S5,,,,0.6051939849409346,0.6620700379808288,7.826084049549209,9.93573108484788,9.922644969305493,9.909558853763103,9.158212547347054,7.629904287247745,6.804693255821377,6.172472442768472,5.193894796493082,4.162194950711132,3.249106426924964,2.6451970356040393,1.972727303530541,1.0365157280992254,-0.0833124872633429,-0.7741509931255417,-1.3653115422601474,-1.7159754636994617,-2.0666393851387763,-2.538116356992861,-3.152642005317971,-3.455486475928375,-3.6604169595053433,-3.865347443082311,-3.9590863640858864,-3.931709554972328,-3.9043327458587704,-3.876955936745212,-3.849579127631654,-3.822202318518096,-3.8020331240279606,-3.8173251204047105,-3.83261711678146,-3.84790911315821,-3.8632011095349594,-3.878493105911709,-3.893785102288459,-3.908405222935648,-3.91914521572459,-3.929885208513532,-3.940625201302474,-3.951365194091416,-3.962105186880358,-3.9728451796693003,-3.983585172458242,-3.9943251652471843,-4.0050651580361265,-4.015805150825068,-3.9679015614910815,-3.84590971298056,-3.80454815944688,-3.7985878190336995,-3.7926274786205183,-3.786667138207337,-3.5747828244475475,-3.52827805355564,-3.6061113530614817,-3.6174618355694435,-3.6288123180774052,-3.640162800585367,-3.5066728350975644,-3.332544697857156,-3.2974103420621046,-3.2622759862670536,-3.227141630472002,-2.759138984509468,-2.7285954973160065,-2.730657716222098,-2.732719935128189,-2.730942878972605,-2.6870147401681574,-2.6430866013637098,-2.5991584625592625,-2.555230323754815,-2.511302184950367,-2.46737404614592,-2.4234459073414722,-2.3795177685370246,-2.3355896297325773,-2.2916614909281297,-2.247733352123682,-2.2038052133192347,-2.159877074514787,-2.11594893571034,-2.072020796905892,-2.0280926581014445,-1.984164519296997,-1.9402363804925495,-1.8963082416881019,-1.8523801028836544,-1.808451964079207,-1.7645238252747593,-1.7205956864703118,-1.6766675476658643,-1.6327394088614167,-1.5888112700569692,-1.5448831312525217,-1.500954992448074,-1.4570268536436266,-1.4130987148391791,-1.3691705760347317,-1.325242437230284,-1.2813142984258366,-1.237386159621389,-1.1934580208169414,-1.149529882012494,-1.1056017432080465,-1.0616736044035988,-1.0177454655991514,-0.9738173267947039,-0.9469375829957509,-0.9626317251086101,-0.9783258672214693,-0.9940200093343284,-1.0097141514471877,-1.0254082935600468,-1.041102435672906,-1.056796577785765,-1.0724907198986244,-1.0881848620114836,-1.1038790041243427,-0.9224704490463229,0.3134369623548031,0.8442953760665807,0.8273151121847773,0.8103348483029739,0.7933545844211705,0.7975014914438546,0.8042388356184594,0.8109761797930644,0.8177135239676693,0.8244508681422742,0.8311882123168791,0.837925556491484,0.8463346157834372,0.8569121582428632,0.8674897007022893,0.6550060774261977,0.7164474325140905,0.6873792958497092,0.3049762475442042,0.29534952848722984,0.2857228094302554,0.27609609037328103,0.09224789887723642,0.0460777388183198,0.03745969685578997,0.028841654893260127,0.020223612930730293,,
fig7_S6,S6,,,0.4971485661360135,0.4743219209889223,0.45149527584183113,8.686787634635694,10.068155449945362,10.057774667736734,10.047393885528106,10.03701310331948,10.026632321110851,10.016251538902223,10.005870756693595,9.995489974484968,9.98510919227634,9.974728410067712,9.964347627859084,9.953966845650458,9.94358606344183,9.933205281233201,9.922824499024573,9.88250746789207,9.66844613966356,9.538514962617748,9.408583785571937,9.264160770913067,8.823379366216955,8.300538421052632,7.466807911362191,7.003990763531332,6.80444285445184,6.531204931716267,5.746629921524665,5.0502903763263385,4.768587947653855,4.0896956584781305,3.5248366730079352,3.308155512012175,3.152774071959812,3.1032405385568893,3.0537070051539668,2.9269919170411947,2.621160466689842,2.3153290163384894,1.9490804330943812,1.6372749847331407,1.5848840978736927,1.5324932110142444,1.3899248955845502,1.0136574993971565,0.9430906340819023,0.8984150139439309,0.9546973026565183,1.0997423245716968,1.0945931867659056,1.0894440489601145,1.0842949111543232,1.0791457733485321,1.0739966355427408,1.0688474977369498,1.0090683515191112,0.8719562966350867,0.8551043165831939,0.8541131414385317,0.8531219662938696,0.7486262882382931,0.5871381323044943,0.5227593842724052,0.5217667294487598,0.5207740746251144,0.519781419801469,0.5187895237569365,0.5177990762264985,0.5168086286960604,0.5104784472837632,0.4975176494084116,0.4845568515330599,0.47159605365770824,0.45863525578235653,0.4456744579070049,0.43271366003165324,0.41975286215630153,0.4067920642809499,0.3938312664055982,0.38087046853024653,0.3679096706548949,0.35494887277954323,0.34198807490419153,0.3290272770288398,0.3160664791534882,0.30310568127813653,0.2901448834027848,0.2771840855274332,0.2642232876520815,0.2512624897767298,0.23830169190137818,0.22534089402602647,0.21238009615067482,0.19941929827532312,0.18645850039997147,0.17349770252461982,0.16053690464926812,0.14757610677391647,0.13461530889856477,0.12165451102321312,0.10869371314786147,0.09573291527250977,0.08277211739715812,0.06981131952180641,0.056850521646454766,0.04388972377110312,0.030928925895751413,0.017968128020399765,0.005007330145048061,-0.007953467730303587,-0.008915003897140634,-0.0072100048714257925,-0.005505005845710951,-0.003800006819996109,-0.0020950077942812687,-0.0003900087685664265,-0.0033901306725939878,-0.012036521908995705,-0.020682913145397424,-0.02932930438179914,-0.03797569561820086,0.46187000000000006,3.9029182108186875,3.8418314285714295,2.5886013839999995,2.436361383999999,0.9842632538867653,0.318588,0.15332511940000013,0.12049011940000012,0.08765511940000013,0.05482011940000013,0.0036653081171969873,-0.057958131261147405,-0.11723608477947145,-0.15305659940511815,-0.18887711403076485,-0.22469762865641152,-0.26051814328205825,,,,,,,,,,,,
fig7_S7,S7,,,,,2.0894333333333335,8.12114250804729,3.161582026112331,1.2400698868878104,0.6666950106795825,0.45641595776300353,0.46421355711320356,0.47201115646340364,0.508194437710585,0.6666911339867851,0.7710846762722062,0.7793449125051458,0.7876051487380854,0.795865384971025,0.8041256212039647,0.8123858574369043,0.822458220184196,0.8716057875171368,0.9207533548500776,0.9699009221830184,1.019048489515959,1.068194965303842,1.1173397379594876,1.1664845106151331,1.215629283270779,1.213338801382391,1.2053510657694604,1.1973633301565298,1.1893755945435993,1.1975097979402947,1.211157602358533,1.231386221380782,1.2538002634492276,1.2843923241501898,1.3385508683245149,1.3927094124988397,1.4468679566731648,1.50102650084749,1.555185045021815,1.5927880461478297,1.6093579447670048,1.62592784338618,1.6427243796315796,1.661242341051379,1.6797603024711787,1.6982782638909781,1.7167962253107776,1.735314186730577,1.7492128503264692,1.7329888004352922,1.7167647505441153,1.700540700652938,1.6424014737584018,1.5092843726723024,1.4820017999458501,1.4547192272193978,1.4274366544929455,1.4217997448933546,1.420827050529968,1.3739738224769626,1.3176072497545837,1.2612406770322049,1.222410991145473,1.1922048200515427,1.1619986489576126,1.1317924778636825,1.0550983805754632,0.9899527938132747,1.0708406915141109,1.1517285892149471,1.176339950445257,1.1759644384676347,1.1755889264900123,1.17521341451239,1.1748379025347677,1.1744623905571452,1.1740868785795229,1.1737113666019006,1.1733358546242783,1.172960342646656,1.1725848306690334,1.172209318691411,1.1718338067137888,1.1714582947361665,1.1710827827585442,1.1707072707809218,1.1703317588032993,1.169956246825677,1.1695807348480547,1.1692052228704324,1.16882971089281,1.1684541989151875,1.1680786869375652,1.167703174959943,1.1673276629823206,1.1669521510046983,1.1665766390270758,1.1662011270494534,1.1658256150718311,1.1654501030942088,1.1650745911165865,1.164699079138964,1.1643235671613417,1.1639480551837194,1.163572543206097,1.1631970312284747,1.1628215192508522,1.1624460072732299,1.1620704952956076,1.1616949833179853,1.153065077275945,1.1087411356080985,1.0644171939402522,1.0200932522724058,1.002942027858841,1.0000197153570751,0.9970974028553092,0.9941750903535433,0.9912527778517775,0.946812829852535,0.8846929305918841,1.2095441463414602,2.801821707402227,3.5940390497316295,3.271852329122942,2.271989540281187,2.0950573078925836,1.9181250755039803,1.7411928431153771,1.566532472341987,1.4342165324752505,1.3470677203767858,1.3110364272128248,1.2019687741490477,1.0619829706093078,0.9219971670695677,0.5701173661009481,0.4793084615384616,0.3884995569759751,0.29378708222380945,0.18404167727479415,0.07429627232577884,-0.0903266068898616,-0.2739691251224218,-0.3478005811256406,-0.3596593213885162,-0.3715180616513918,-0.3833768019142674,-0.39523554217714296,-0.40709428244001855,,
fig7_S8,S8,,,,,-0.03974,9.81000773525,9.809011901916667,9.808016068583333,9.433335179212632,8.939362864176214,8.485627185057284,8.285628447762935,8.35428620894826,8.2348850725,8.0597600725,8.426920127583333,8.425924294249999,8.424928460916666,8.195576925706419,7.9595069721399065,7.723437018573395,7.539358141462143,7.399060719405155,7.258763297348168,7.1184658752911805,6.9781684532341925,6.840013028116559,6.705070598407954,6.627651994694732,6.828281995247364,7.028911995799996,7.229541996352628,7.206029086790398,7.161501247168399,7.245137460878652,7.350134848561704,7.455132236244756,7.560129623927809,7.213072963528019,6.823633145887927,6.4935911924835885,6.190772538344273,5.96025557411858,6.290108340294467,6.467721666666667,6.416975833333333,6.36623,6.688613333333333,6.372376002163631,5.8964835048681685,4.969199114507379,4.309010645307123,4.153594148777685,4.514253049592562,4.874911950407439,5.09332682555862,5.303121307834481,5.512915790110343,5.675861423541141,5.817335237256857,6.053784932042233,5.917105693482527,5.662828767142176,4.985132387213441,4.291108407303344,3.7822320060861196,3.192099866220735,2.5515754623167806,2.2973012328447484,2.6385332320914694,3.178166666666667,3.356276510777778,3.3552820663333334,3.3542876218888886,3.351008532336685,3.3100307993420355,3.269053066347386,3.228075333352736,3.1870976003580864,3.1461198673634367,3.1051421343687866,3.064164401374137,3.0231866683794872,2.9822089353848376,2.9412312023901874,2.9002534693955377,2.859275736400888,2.8182980034062384,2.7773202704115887,2.736342537416939,2.695364804422289,2.654387071427639,2.6134093384329895,2.57243160543834,2.5314538724436897,2.49047613944904,2.4494984064543903,2.4085206734597406,2.367542940465091,2.3265652074704413,2.285587474475791,2.2446097414811415,2.2036320084864918,2.1626542754918416,2.121676542497192,2.0806988095025423,2.0397210765078926,1.998743343513243,1.957765610518593,1.9167878775239433,1.8758101445292934,1.8348324115346437,1.793854678539994,1.7528769455453441,1.8061906940054087,2.234651781356829,2.409795307359469,2.522635211869149,2.4791358189202906,2.3543346681333555,2.154090270686026,1.7729235950234816,1.5457103069053717,1.3541133839203083,1.459172498328412,1.6372957046999719,1.8154189110715317,1.8699552664024661,1.7554682562747692,1.640981246147072,1.4280532085318278,1.0186559902329253,1.2233660273736047,1.6391817121341303,1.7857731480982943,1.9323645840624586,1.8554619379963446,1.628804297454486,1.402146656912627,1.3622718728723993,1.3550489791604625,1.3478260854485258,1.2214473612503458,0.9345028127981851,0.45276984446009116,0.32932088904876194,0.28951361312681995,0.2497063372048779,0.5432911053674844,0.8575685867467713,0.968192497174229,0.9696861190053286,1.0457051408109221,1.1334682988131253,0.8339337398184755,
fig7_S9,S9,,,,1.006715827419399,0.9432279574378923,9.144027908951928,5.470913176488919,3.082304383036319,2.773618792377463,2.623316749836875,2.622401830264688,2.703353567630703,2.7902388421107682,2.877124116590834,2.9126600320059692,2.894887392200754,2.877114752395539,2.8593421125903236,2.841569472785108,2.8237968329798933,2.806024193174678,2.7882515533694625,2.7778257136809423,2.7815249002630758,2.7852240868452087,2.7889232734273417,2.7926224600094747,2.7963216465916076,2.8065900231177414,2.827154909170993,2.847719795224245,2.8682846812774963,2.8888495673307477,2.909414453383999,2.929979339437251,2.9505442254905025,2.9535326761014455,2.9495405506109686,2.9455484251204913,2.9415562996300144,2.937564174139537,2.93357204864906,2.929579923158583,2.925587797668106,2.9215956721776286,2.8340572725486552,2.723726178371346,2.6133950841940363,2.497310940189011,2.1186997854250724,2.104796615965717,2.090893446506362,2.0769902770470066,2.063087107587651,2.0491839381282957,2.0352807686689403,2.0213775992095853,2.00747442975023,1.943067588652482,1.846642079914708,1.7502165711769342,1.6650883730914725,1.6391301214165261,1.6131718697415796,1.5872136180666332,1.5612553663916868,1.4870247344399397,1.3985472107906878,1.3100696871414361,1.2382462055595587,1.176012051067846,1.1137778965761331,1.093032006624895,1.1140440990541565,1.1350561914834176,1.1452944527900726,1.1554532681082745,1.1656120834264765,1.1757708987446784,1.1859297140628804,1.1960885293810823,1.206247344699284,1.216406160017486,1.226564975335688,1.23672379065389,1.2468826059720919,1.2570414212902938,1.2672002366084956,1.2773590519266975,1.2875178672448995,1.2976766825631014,1.3078354978813034,1.317994313199505,1.328153128517707,1.338311943835909,1.348470759154111,1.358629574472313,1.3687883897905149,1.3789472051087168,1.3891060204269188,1.3992648357451205,1.4094236510633225,1.4195824663815244,1.4297412816997264,1.439900097017928,1.45005891233613,1.460217727654332,1.470376542972534,1.480535358290736,1.4906941736089379,1.5008529889271398,1.5110118042453418,1.5211706195635435,1.5313294348817454,1.5414882501999474,1.5462214521365627,1.548969037286495,1.5517166224364274,1.55446420758636,1.5572117927362923,1.5599593778862246,1.8443687518906617,2.2075742188610485,2.570779685831435,2.9339851528018213,3.297190619772208,4.929537696718557,3.6274189461897692,2.454050469579979,1.4658952657660465,1.4434506803067926,1.4210060948475387,1.3985615093882848,1.3761169239290312,1.3536723384697773,0.7495148808818013,0.7522614355890573,0.673727967456371,0.5401855405748063,,,,,,,,,,,,,,,,,
